country,region,cases,deaths,tests,population,cases_per_million,deaths_per_million,tests_per_thousand,latitude,longitude,event_ts,event_date,flag_url
Guinea-bissau,MEA,9614,177,145233,2063367,4659.374701640571,85.78212213338684,70.38641211185407,12.0,-15.0,2025-08-23 20:07:51,2025-08-23,https://disease.sh/assets/img/flags/gw.png
Comoros,MEA,9110,161,0,907419,10039.463577465318,177.42630471700505,0.0,-12.1667,44.25,2025-08-23 20:07:51,2025-08-23,https://disease.sh/assets/img/flags/km.png
Chad,MEA,7711,194,191358,17413580,442.8153199973813,11.140730395472957,10.989009726891313,15.0,19.0,2025-08-23 20:07:51,2025-08-23,https://disease.sh/assets/img/flags/td.png
Taiwan,APAC,10241524,19005,30742325,23888595,428720.2323954171,795.5679268705422,1286.9038551660321,23.5,121.0,2025-08-23 20:07:51,2025-08-23,https://disease.sh/assets/img/flags/tw.png
Malawi,MEA,89539,2686,624784,20180839,4436.832383430639,133.0965476707881,30.959267848081044,-13.5,34.0,2025-08-23 20:07:51,2025-08-23,https://disease.sh/assets/img/flags/mw.png
Kenya,MEA,344140,5690,3967080,56215221,6121.829530831161,101.21813805552769,70.56949931763143,1.0,38.0,2025-08-23 20:07:51,2025-08-23,https://disease.sh/assets/img/flags/ke.png
Canada,NA,4946103,59034,66572819,38388419,128843.62338547989,1537.8075351318846,1734.1901733436846,60.0,-95.0,2025-08-23 20:07:51,2025-08-23,https://disease.sh/assets/img/flags/ca.png
Hong Kong,APAC,2937614,14924,76127726,7604299,386309.63879773795,1962.574065012436,10011.143170461866,22.25,114.1667,2025-08-23 20:07:51,2025-08-23,https://disease.sh/assets/img/flags/hk.png
Cyprus,APAC,681111,1365,9640119,1223387,556742.0611793324,1115.7548674295215,7879.8605837727555,35.0,33.0,2025-08-23 20:07:51,2025-08-23,https://disease.sh/assets/img/flags/cy.png
Mexico,NA,7702906,334958,20013848,131562772,58549.28322732513,2545.9937861449134,152.12394582260703,23.0,-102.0,2025-08-23 20:07:51,2025-08-23,https://disease.sh/assets/img/flags/mx.png
Namibia,MEA,172389,4106,1062665,2633874,65450.73910141487,1558.920434310829,403.46083373768073,-22.0,17.0,2025-08-23 20:07:51,2025-08-23,https://disease.sh/assets/img/flags/na.png
Cabo Verde,MEA,64477,417,401622,567678,113580.23386497275,734.571359115555,707.482058490905,16.0,-24.0,2025-08-23 20:07:51,2025-08-23,https://disease.sh/assets/img/flags/cv.png
Cook Islands,Oceania,7204,2,19691,17571,409993.7396847078,113.82391440441637,1120.6533492686815,-21.2333,-159.7667,2025-08-23 20:07:51,2025-08-23,https://disease.sh/assets/img/flags/ck.png
Tuvalu,Oceania,2944,1,1,12066,243991.38073926736,82.8775070445881,0.0828775070445881,-8.0,178.0,2025-08-23 20:07:51,2025-08-23,https://disease.sh/assets/img/flags/tv.png
Chile,SA,5384864,64497,50382104,19250195,279730.36117296474,3350.4595667732196,2617.225643688285,-30.0,-71.0,2025-08-23 20:07:51,2025-08-23,https://disease.sh/assets/img/flags/cl.png
Nauru,Oceania,5393,1,20510,10903,494634.5042648812,91.71787581399614,1881.133632945061,-0.5333,166.9167,2025-08-23 20:07:51,2025-08-23,https://disease.sh/assets/img/flags/nr.png
Isle Of Man,EMEA,38009,116,150753,85732,443346.7083469416,1353.0537022348715,1758.4215928708068,54.23,-4.55,2025-08-23 20:07:51,2025-08-23,https://disease.sh/assets/img/flags/im.png
Barbados,NA,110578,648,814160,288023,383920.7285529281,2249.8203268488974,2826.7186995483,13.1667,-59.5333,2025-08-23 20:07:51,2025-08-23,https://disease.sh/assets/img/flags/bb.png
India,APAC,45036414,533593,935880509,1406631776,32017.202204878955,379.3409256808941,665.334400209085,20.0,77.0,2025-08-23 20:07:51,2025-08-23,https://disease.sh/assets/img/flags/in.png
Peru,SA,4572674,222161,39010210,33684208,135751.2695563452,6595.4051821553885,1158.1156962336772,-10.0,-76.0,2025-08-23 20:07:51,2025-08-23,https://disease.sh/assets/img/flags/pe.png
Uk,EMEA,24910396,232113,522526507,68497907,363666.5277962435,3388.61448715506,7628.3572722886265,54.0,-2.0,2025-08-23 20:07:51,2025-08-23,https://disease.sh/assets/img/flags/gb.png
Oman,APAC,399450,4628,25000002,5323993,75028.27295227472,869.272367563218,4695.724055234483,21.0,57.0,2025-08-23 20:07:51,2025-08-23,https://disease.sh/assets/img/flags/om.png
Papua New Guinea,Oceania,46869,670,249155,9292169,5043.92462082857,72.10372519053409,26.81343828335451,-6.0,147.0,2025-08-23 20:07:51,2025-08-23,https://disease.sh/assets/img/flags/pg.png
Tokelau,Oceania,81,0,1,1378,58780.84179970972,0.0,0.7256894049346879,-9.0,-172.0,2025-08-23 20:07:51,2025-08-23,https://disease.sh/assets/img/flags/tk.png
Slovakia,EMEA,1877607,21224,7448794,5460193,343871.910754803,3887.042088072711,1364.1997636347287,48.6667,19.5,2025-08-23 20:07:51,2025-08-23,https://disease.sh/assets/img/flags/sk.png
Sao Tome And Principe,MEA,6779,80,29600,227679,29774.37532666605,351.37188761370174,130.00759841706966,1.0,7.0,2025-08-23 20:07:51,2025-08-23,https://disease.sh/assets/img/flags/st.png
Andorra,EMEA,48015,165,249838,77463,619844.3127686767,2130.0491847720846,3225.255928636898,42.5,1.6,2025-08-23 20:07:51,2025-08-23,https://disease.sh/assets/img/flags/ad.png
Brazil,SA,38743931,711380,63776170,215353593,179908.44944945961,3303.311498499122,296.14630112068755,-10.0,-55.0,2025-08-23 20:07:51,2025-08-23,https://disease.sh/assets/img/flags/br.png
Caribbean Netherlands,NA,11682,38,30126,26647,438398.31876008556,1426.0517131384395,1130.5587871054902,12.2,-68.26,2025-08-23 20:07:51,2025-08-23,https://disease.sh/assets/img/flags/bq.png
Guatemala,NA,1291307,20289,7593852,18584039,69484.73364697523,1091.743296492221,408.6222591332272,15.5,-90.25,2025-08-23 20:07:51,2025-08-23,https://disease.sh/assets/img/flags/gt.png
Maldives,APAC,186694,316,2213831,540985,345100.1414087267,584.1197075704501,4092.2225200329026,3.25,73.0,2025-08-23 20:07:51,2025-08-23,https://disease.sh/assets/img/flags/mv.png
Belgium,EMEA,4861695,34376,37454194,11668278,416659.16770238074,2946.1073861970035,3209.9161504379654,50.8333,4.0,2025-08-23 20:07:51,2025-08-23,https://disease.sh/assets/img/flags/be.png
Australia,Oceania,11853144,24414,81916667,26068792,454687.1216740691,936.5221065862967,3142.3269248532883,-27.0,133.0,2025-08-23 20:07:51,2025-08-23,https://disease.sh/assets/img/flags/au.png
Japan,APAC,33803616,74696,100415015,125584838,269169.5632875682,594.7851762168933,799.579125945124,36.0,138.0,2025-08-23 20:07:51,2025-08-23,https://disease.sh/assets/img/flags/jp.png
Botswana,MEA,330639,2801,2026898,2441162,135443.2847963388,1147.404391842901,830.3004880462664,-22.0,24.0,2025-08-23 20:07:51,2025-08-23,https://disease.sh/assets/img/flags/bw.png
Ecuador,SA,1070194,36043,3082421,18113361,59083.12653847069,1989.8571005127098,170.1738843497902,-2.0,-77.5,2025-08-23 20:07:51,2025-08-23,https://disease.sh/assets/img/flags/ec.png
Mauritius,MEA,43026,1051,358675,1274727,33753.10948932595,824.4902634054193,281.3739726231577,-20.2833,57.55,2025-08-23 20:07:51,2025-08-23,https://disease.sh/assets/img/flags/mu.png
Morocco,MEA,1279019,16303,13001061,37772756,33860.88640182887,431.607373314248,344.1914855246464,32.0,-5.0,2025-08-23 20:07:51,2025-08-23,https://disease.sh/assets/img/flags/ma.png
China,APAC,503705,5273,160001060,1448471400,347.74935839257853,3.6403894477999357,110.4620084317854,35.0,105.0,2025-08-23 20:07:51,2025-08-23,https://disease.sh/assets/img/flags/cn.png
El Salvador,NA,201858,4230,2610116,6550389,30816.185115113014,645.7631752862311,398.46732766557835,13.8333,-88.9167,2025-08-23 20:07:51,2025-08-23,https://disease.sh/assets/img/flags/sv.png
Guadeloupe,NA,203236,1021,938039,399794,508351.80117760645,2553.8152148356403,2346.305847511468,16.25,-61.5833,2025-08-23 20:07:51,2025-08-23,https://disease.sh/assets/img/flags/gp.png
Rwanda,MEA,133521,1468,6021996,13600464,9817.385642136915,107.93749389726703,442.7787169614213,-2.0,30.0,2025-08-23 20:07:51,2025-08-23,https://disease.sh/assets/img/flags/rw.png
Anguilla,NA,3904,12,51383,15230,256336.1785948785,787.9185817465528,3373.801707156927,18.25,-63.1667,2025-08-23 20:07:51,2025-08-23,https://disease.sh/assets/img/flags/ai.png
Latvia,EMEA,982505,6715,7885794,1848837,531417.8589026507,3632.012989787634,4265.272709276155,57.0,25.0,2025-08-23 20:07:51,2025-08-23,https://disease.sh/assets/img/flags/lv.png
Trinidad And Tobago,NA,191497,4390,913289,1406585,136143.21210591609,3121.0342780564274,649.2952789913159,11.0,-61.0,2025-08-23 20:07:51,2025-08-23,https://disease.sh/assets/img/flags/tt.png
Greenland,NA,11972,21,164927,56973,210134.62517332772,368.59565057132323,2894.8273743703157,72.0,-40.0,2025-08-23 20:07:51,2025-08-23,https://disease.sh/assets/img/flags/gl.png
Bangladesh,APAC,2049439,29494,15254509,167885689,12207.347822243502,175.67905981551533,90.86247369184636,24.0,90.0,2025-08-23 20:07:51,2025-08-23,https://disease.sh/assets/img/flags/bd.png
Bulgaria,EMEA,1339851,38748,11671045,6844597,195753.0881657459,5661.107586027344,1705.1471401457236,43.0,25.0,2025-08-23 20:07:51,2025-08-23,https://disease.sh/assets/img/flags/bg.png
Equatorial Guinea,MEA,17230,183,365697,1496662,11512.28533897433,122.27209617134665,244.34174182280302,2.0,10.0,2025-08-23 20:07:51,2025-08-23,https://disease.sh/assets/img/flags/gq.png
Guyana,SA,74137,1300,733218,794045,93366.2449861154,1637.1868093118146,923.3960291923003,5.0,-59.0,2025-08-23 20:07:51,2025-08-23,https://disease.sh/assets/img/flags/gy.png
Malaysia,APAC,5278415,37348,68580939,33181072,159079.09786639805,1125.5814760897417,2066.8692982553425,2.5,112.5,2025-08-23 20:07:51,2025-08-23,https://disease.sh/assets/img/flags/my.png
Russia,EMEA,24124248,402758,273400114,145805947,165454.48588595635,2762.2878784224076,1875.0957668413894,60.0,100.0,2025-08-23 20:07:51,2025-08-23,https://disease.sh/assets/img/flags/ru.png
Belarus,EMEA,994041,7118,13646650,9432800,105381.3289797303,754.6009668391146,1446.723136290391,53.0,28.0,2025-08-23 20:07:51,2025-08-23,https://disease.sh/assets/img/flags/by.png
Liechtenstein,EMEA,21575,94,112458,38387,562039.2320316774,2448.7456691067287,2929.5855367702607,47.1667,9.5333,2025-08-23 20:07:51,2025-08-23,https://disease.sh/assets/img/flags/li.png
Western Sahara,MEA,10,1,0,626161,15.970333508474656,1.5970333508474657,0.0,24.5,-13.0,2025-08-23 20:07:51,2025-08-23,https://disease.sh/assets/img/flags/eh.png
New Zealand,Oceania,2621112,5697,7768605,4898203,535117.0623185687,1163.0796028666023,1586.0112371822893,-41.0,174.0,2025-08-23 20:07:51,2025-08-23,https://disease.sh/assets/img/flags/nz.png
Sint Maarten,NA,11051,92,62056,43966,251353.31847336577,2092.5260428512943,1411.4543055997817,18.02,-63.06,2025-08-23 20:07:51,2025-08-23,https://disease.sh/assets/img/flags/sx.png
Italy,EMEA,26723286,196487,281126462,60262770,443446.0281198491,3260.5039562569063,4665.010619325995,42.8333,12.8333,2025-08-23 20:07:51,2025-08-23,https://disease.sh/assets/img/flags/it.png
Pakistan,APAC,1581949,30668,30589223,229488994,6893.354545795777,133.63603833654872,133.29276697251981,30.0,70.0,2025-08-23 20:07:51,2025-08-23,https://disease.sh/assets/img/flags/pk.png
Spain,EMEA,13914840,121760,471036371,46719142,297840.230028197,2606.2122459355096,10082.299263971929,40.0,-4.0,2025-08-23 20:07:51,2025-08-23,https://disease.sh/assets/img/flags/es.png
Argentina,SA,10128861,130841,35716099,46010234,220143.65325766438,2843.7368955784923,776.2642328661053,-34.0,-64.0,2025-08-23 20:07:51,2025-08-23,https://disease.sh/assets/img/flags/ar.png
St. Barth,NA,5508,6,78646,9945,553846.1538461539,603.3182503770739,7908.094519859226,17.89,-62.82,2025-08-23 20:07:51,2025-08-23,https://disease.sh/assets/img/flags/bl.png
Turkey,APAC,17232075,102174,162743403,85561976,201398.74983719402,1194.1519443169477,1902.0528815276543,39.0,35.0,2025-08-23 20:07:51,2025-08-23,https://disease.sh/assets/img/flags/tr.png
Macao,APAC,27674,123,7850,667490,41459.79715051911,184.2724235569072,11.760475812371721,22.1667,113.55,2025-08-23 20:07:51,2025-08-23,https://disease.sh/assets/img/flags/mo.png
Gambia,MEA,12627,372,155689,2558482,4935.348382361103,145.39871689540905,60.85209901808963,13.4667,-16.5667,2025-08-23 20:07:51,2025-08-23,https://disease.sh/assets/img/flags/gm.png
Uae,APAC,1067033,2349,200732272,10081785,105837.70631887112,232.99445485100108,19910.390074773462,24.0,54.0,2025-08-23 20:07:51,2025-08-23,https://disease.sh/assets/img/flags/ae.png
Curaçao,NA,45987,295,496694,165529,277818.3883186632,1782.1650586906223,3000.6464124111185,12.15,-68.97,2025-08-23 20:07:51,2025-08-23,https://disease.sh/assets/img/flags/cw.png
Qatar,APAC,514524,690,4065372,2979915,172663.98538213337,231.55022878169345,1364.2577053372327,25.5,51.25,2025-08-23 20:07:51,2025-08-23,https://disease.sh/assets/img/flags/qa.png
Saint Kitts And Nevis,NA,6607,48,126959,53871,122644.83673961872,891.0174305284847,2356.7225408847057,17.3333,-62.75,2025-08-23 20:07:51,2025-08-23,https://disease.sh/assets/img/flags/kn.png
Marshall Islands,Oceania,16138,17,0,60057,268711.39084536355,283.06442213230764,0.0,9.0,168.0,2025-08-23 20:07:51,2025-08-23,https://disease.sh/assets/img/flags/mh.png
Usa,NA,111820178,1219490,1186851796,334805269,333985.7175306282,3642.385926728053,3544.9017858796005,38.0,-97.0,2025-08-23 20:07:51,2025-08-23,https://disease.sh/assets/img/flags/us.png
Czechia,EMEA,4759045,43517,57834244,10736784,443246.7860022145,4053.0758558614943,5386.551876241527,49.75,15.5,2025-08-23 20:07:51,2025-08-23,https://disease.sh/assets/img/flags/cz.png
Liberia,MEA,8090,295,139830,5305117,1524.9428052199414,55.606690672420605,26.357571378727368,6.5,-9.5,2025-08-23 20:07:51,2025-08-23,https://disease.sh/assets/img/flags/lr.png
Bolivia,SA,1212131,22407,2710262,11992656,101072.77320386743,1868.393456795559,225.99347467316665,-17.0,-65.0,2025-08-23 20:07:51,2025-08-23,https://disease.sh/assets/img/flags/bo.png
Kyrgyzstan,APAC,206898,2991,1907201,6728271,30750.544976562327,444.5421416586817,283.46078806873265,41.0,75.0,2025-08-23 20:07:51,2025-08-23,https://disease.sh/assets/img/flags/kg.png
Vanuatu,Oceania,12019,14,24977,321832,37345.571602575255,43.50095702105447,77.60881453677696,-16.0,167.0,2025-08-23 20:07:51,2025-08-23,https://disease.sh/assets/img/flags/vu.png
Aruba,NA,44224,292,177886,107609,410969.3427129701,2713.527678911615,1653.077344831752,12.5,-69.9667,2025-08-23 20:07:51,2025-08-23,https://disease.sh/assets/img/flags/aw.png
Saudi Arabia,APAC,841497,9646,45481748,35844909,23476.053461315805,269.1037658932263,1268.848192640132,25.0,45.0,2025-08-23 20:07:51,2025-08-23,https://disease.sh/assets/img/flags/sa.png
Luxembourg,EMEA,391232,1232,4587146,642371,609043.6834788619,1917.894799111417,7140.960597536315,49.75,6.1667,2025-08-23 20:07:51,2025-08-23,https://disease.sh/assets/img/flags/lu.png
Zimbabwe,MEA,266370,5740,2525773,15331428,17374.11544443218,374.3943486542806,164.74479741874012,-20.0,30.0,2025-08-23 20:07:51,2025-08-23,https://disease.sh/assets/img/flags/zw.png
Grenada,NA,19693,238,182982,113475,173544.8336638026,2097.378277153558,1612.5313945803039,12.1167,-61.6667,2025-08-23 20:07:51,2025-08-23,https://disease.sh/assets/img/flags/gd.png
Guinea,MEA,38574,468,660119,13865691,2781.974587490807,33.75237483656603,47.60808530927164,11.0,-10.0,2025-08-23 20:07:51,2025-08-23,https://disease.sh/assets/img/flags/gn.png
Suriname,SA,82589,1408,242207,596831,138379.20617394205,2359.1267879852085,405.82174853518,4.0,-56.0,2025-08-23 20:07:51,2025-08-23,https://disease.sh/assets/img/flags/sr.png
Syrian Arab Republic,APAC,57753,3165,146292,19364809,2982.3686874474206,163.44080646496437,7.554528423182485,35.0,38.0,2025-08-23 20:07:51,2025-08-23,https://disease.sh/assets/img/flags/sy.png
Belize,NA,71409,688,576017,412190,173242.92195346806,1669.133166743492,1397.455057133846,17.25,-88.75,2025-08-23 20:07:51,2025-08-23,https://disease.sh/assets/img/flags/bz.png
Mozambique,MEA,233743,2250,1371138,33089461,7063.971214278769,67.99748113153007,41.43730234832172,-18.25,35.0,2025-08-23 20:07:51,2025-08-23,https://disease.sh/assets/img/flags/mz.png
Zambia,MEA,349315,4069,4112982,19470234,17940.975953344987,208.9856752620436,211.24461061947176,-15.0,30.0,2025-08-23 20:07:51,2025-08-23,https://disease.sh/assets/img/flags/zm.png
French Polynesia,Oceania,79254,650,1,284164,278902.3240100787,2287.4114947706257,0.003519094607339424,-15.0,-140.0,2025-08-23 20:07:51,2025-08-23,https://disease.sh/assets/img/flags/pf.png
Côte D'ivoire,MEA,88385,835,1690964,27742298,3185.929298286681,30.098443899636578,60.952556994377325,8.0,-5.0,2025-08-23 20:07:51,2025-08-23,https://disease.sh/assets/img/flags/ci.png
Macedonia,EMEA,350568,9976,2226216,2081304,168436.71083128653,4793.148910490731,1069.6255808858293,41.8333,22.0,2025-08-23 20:07:51,2025-08-23,https://disease.sh/assets/img/flags/mk.png
Poland,EMEA,6661994,120598,39323720,37739785,176524.4290607379,3195.5136999323126,1041.9698999345121,52.0,20.0,2025-08-23 20:07:51,2025-08-23,https://disease.sh/assets/img/flags/pl.png
Niue,Oceania,1060,0,1,1622,653514.1800246609,0.0,0.6165228113440198,-19.0333,-169.8667,2025-08-23 20:07:51,2025-08-23,https://disease.sh/assets/img/flags/nu.png
Monaco,EMEA,17181,67,78647,39783,431867.88326672197,1684.13644018802,1976.8996807681674,43.7333,7.4,2025-08-23 20:07:51,2025-08-23,https://disease.sh/assets/img/flags/mc.png
Slovenia,EMEA,1356547,7100,2847701,2078034,652803.082143988,3416.69096848271,1370.3822940336877,46.0,15.0,2025-08-23 20:07:51,2025-08-23,https://disease.sh/assets/img/flags/si.png
Burundi,MEA,54724,38,345752,12624840,4334.629191340247,3.0099391358623158,27.386644107964933,-3.5,30.0,2025-08-23 20:07:51,2025-08-23,https://disease.sh/assets/img/flags/bi.png
Yemen,APAC,11967,2159,329629,31154867,384.11333933795964,69.29896378630022,10.580337255171077,15.0,48.0,2025-08-23 20:07:51,2025-08-23,https://disease.sh/assets/img/flags/ye.png
Mauritania,MEA,63848,997,1009961,4901981,13024.938285154512,203.38716123134708,206.0311943273546,20.0,-12.0,2025-08-23 20:07:51,2025-08-23,https://disease.sh/assets/img/flags/mr.png
Angola,MEA,107328,1937,1499809,35027343,3064.120507227739,55.299655472012255,42.81823488581478,-12.5,18.5,2025-08-23 20:07:51,2025-08-23,https://disease.sh/assets/img/flags/ao.png
Jordan,APAC,1747005,14122,17201886,10300869,169597.82713477864,1370.9522953840108,1669.9451279304687,31.0,36.0,2025-08-23 20:07:51,2025-08-23,https://disease.sh/assets/img/flags/jo.png
Ghana,MEA,171898,1462,2541632,32395450,5306.238993438893,45.12979446187659,78.45644990268696,8.0,-2.0,2025-08-23 20:07:51,2025-08-23,https://disease.sh/assets/img/flags/gh.png
Jamaica,NA,156871,3756,1183987,2985094,52551.443941128826,1258.2518339455976,396.6330708513702,18.25,-77.5,2025-08-23 20:07:51,2025-08-23,https://disease.sh/assets/img/flags/jm.png
Armenia,APAC,451833,8777,3242904,2971966,152031.68542304993,2953.2639337058363,1091.1645691774402,40.0,45.0,2025-08-23 20:07:51,2025-08-23,https://disease.sh/assets/img/flags/am.png
Saint Helena,MEA,2166,0,1,6115,354210.95666394115,0.0,0.1635322976287817,-15.9333,-5.7,2025-08-23 20:07:51,2025-08-23,https://disease.sh/assets/img/flags/sh.png
Lao People's Democratic Republic,APAC,218970,758,1233209,7481023,29270.061059830987,101.32304097982322,164.84496839536516,18.0,105.0,2025-08-23 20:07:51,2025-08-23,https://disease.sh/assets/img/flags/la.png
Central African Republic,MEA,15441,113,81298,5016678,3077.9332458650924,22.524866056781,16.20554478481577,7.0,21.0,2025-08-23 20:07:51,2025-08-23,https://disease.sh/assets/img/flags/cf.png
Greece,EMEA,6101379,37869,102228372,10316637,591411.6198912495,3670.672914051352,9909.079092343754,39.0,22.0,2025-08-23 20:07:51,2025-08-23,https://disease.sh/assets/img/flags/gr.png
Dominica,NA,16039,74,229344,72344,221704.63341811346,1022.8906336392791,3170.186884883335,15.4167,-61.3333,2025-08-23 20:07:51,2025-08-23,https://disease.sh/assets/img/flags/dm.png
Ireland,EMEA,1734583,9491,13083449,5020199,345520.7652126938,1890.562505589918,2606.1614290588877,53.0,-8.0,2025-08-23 20:07:51,2025-08-23,https://disease.sh/assets/img/flags/ie.png
Georgia,APAC,1861666,17132,16920082,3968738,469082.615178931,4316.73746163138,4263.340638762246,42.0,43.5,2025-08-23 20:07:51,2025-08-23,https://disease.sh/assets/img/flags/ge.png
Drc,MEA,99352,1468,846793,95240792,1043.1664616984706,15.413563549534532,8.891074740327651,0.0,25.0,2025-08-23 20:07:51,2025-08-23,https://disease.sh/assets/img/flags/cd.png
Germany,EMEA,38829015,183028,122332465,83883596,462891.6361668615,2181.928395153684,1458.3598085136932,51.0,9.0,2025-08-23 20:07:51,2025-08-23,https://disease.sh/assets/img/flags/de.png
Kuwait,APAC,667160,2570,8455748,4380326,152308.29851476807,586.7143221760207,1930.3923954518455,29.3375,47.6581,2025-08-23 20:07:51,2025-08-23,https://disease.sh/assets/img/flags/kw.png
Iraq,APAC,2465561,25375,19544486,42164965,58474.16213911241,601.8029423242732,463.52430270012087,33.0,44.0,2025-08-23 20:07:51,2025-08-23,https://disease.sh/assets/img/flags/iq.png
Nicaragua,NA,18495,225,6,6779100,2728.238261716157,33.19024649289729,0.0008850732398105943,13.0,-85.0,2025-08-23 20:07:51,2025-08-23,https://disease.sh/assets/img/flags/ni.png
Mongolia,APAC,1011498,2284,4030050,3378078,299430.03092290944,676.1241155473616,1193.0008720935396,46.0,105.0,2025-08-23 20:07:51,2025-08-23,https://disease.sh/assets/img/flags/mn.png
Gabon,MEA,49051,307,1621911,2331533,21038.089531651494,131.67302371444026,695.641451354109,-1.0,11.75,2025-08-23 20:07:51,2025-08-23,https://disease.sh/assets/img/flags/ga.png
British Virgin Islands,NA,7392,64,107340,30596,241600.20917767027,2091.776702836972,3508.301738789384,18.5,-64.5,2025-08-23 20:07:51,2025-08-23,https://disease.sh/assets/img/flags/vg.png
Turks And Caicos Islands,NA,6752,40,616789,39741,169900.10316801287,1006.5171988626355,15520.218414232153,21.75,-71.5833,2025-08-23 20:07:51,2025-08-23,https://disease.sh/assets/img/flags/tc.png
S. Korea,APAC,34571890,35934,15804083,51329899,673523.4370907295,700.0598228334718,307.89234555088444,37.0,127.5,2025-08-23 20:07:51,2025-08-23,https://disease.sh/assets/img/flags/kr.png
Falkland Islands (malvinas),SA,1931,0,8633,3539,545634.3599886973,0.0,2439.389658095507,-51.75,-59.0,2025-08-23 20:07:51,2025-08-23,https://disease.sh/assets/img/flags/fk.png
Fiji,Oceania,69117,885,672884,909466,75997.34349607352,973.0984995590819,739.8671308218229,-18.0,175.0,2025-08-23 20:07:51,2025-08-23,https://disease.sh/assets/img/flags/fj.png
Paraguay,SA,837603,20155,2657513,7305843,114648.3711735935,2758.7507697605874,363.75172584464246,-23.0,-58.0,2025-08-23 20:07:51,2025-08-23,https://disease.sh/assets/img/flags/py.png
Benin,MEA,28042,163,604312,12784726,2193.3985914129094,12.749588845314323,47.26827935146987,9.5,2.25,2025-08-23 20:07:51,2025-08-23,https://disease.sh/assets/img/flags/bj.png
Romania,EMEA,3529750,68929,28758670,19031335,185470.43599411182,3621.8688809797104,1511.1220521313928,46.0,25.0,2025-08-23 20:07:51,2025-08-23,https://disease.sh/assets/img/flags/ro.png
Nigeria,MEA,267195,3158,5709102,216746934,1232.7510016819892,14.569986950772737,26.339943521415623,10.0,8.0,2025-08-23 20:07:51,2025-08-23,https://disease.sh/assets/img/flags/ng.png
Bermuda,NA,18860,165,1029558,61939,304493.1303379131,2663.911267537416,16622.128222929012,32.3333,-64.75,2025-08-23 20:07:51,2025-08-23,https://disease.sh/assets/img/flags/bm.png
Sweden,EMEA,2754137,27407,19500876,10218971,269512.16516809765,2681.972578256656,1908.3013348408563,62.0,15.0,2025-08-23 20:07:51,2025-08-23,https://disease.sh/assets/img/flags/se.png
Austria,EMEA,6081288,22542,211273530,9066710,670727.0884367097,2486.2381172442924,23302.116203121088,47.3333,13.3333,2025-08-23 20:07:51,2025-08-23,https://disease.sh/assets/img/flags/at.png
French Guiana,SA,98041,420,651257,314169,312064.5257807104,1336.860097590787,2072.951182325436,4.0,-53.0,2025-08-23 20:07:51,2025-08-23,https://disease.sh/assets/img/flags/gf.png
Malta,EMEA,121421,885,2170600,444033,273450.39670474944,1993.0951077960424,4888.375413539084,35.8333,14.5833,2025-08-23 20:07:51,2025-08-23,https://disease.sh/assets/img/flags/mt.png
Vietnam,APAC,11625206,43206,85826588,98953541,117481.45526191933,436.6291449843113,867.3422611526353,21.0,105.8,2025-08-23 20:07:51,2025-08-23,https://disease.sh/assets/img/flags/vn.png
Indonesia,APAC,6829283,162064,114158951,279134505,24465.921903850616,580.5946491638502,408.97470199895207,-5.0,120.0,2025-08-23 20:07:51,2025-08-23,https://disease.sh/assets/img/flags/id.png
Denmark,EMEA,3183760,8814,129333111,5834950,545636.2093933966,1510.5527896554383,22165.247517116688,56.0,10.0,2025-08-23 20:07:51,2025-08-23,https://disease.sh/assets/img/flags/dk.png
Norway,EMEA,1509735,6638,11002432,5511370,273930.9826776282,1204.419227887077,1996.3152537390886,62.0,10.0,2025-08-23 20:07:51,2025-08-23,https://disease.sh/assets/img/flags/no.png
Cameroon,MEA,125380,1974,1751775,27911548,4492.047520975905,70.72341526883424,62.76165693138912,6.0,12.0,2025-08-23 20:07:51,2025-08-23,https://disease.sh/assets/img/flags/cm.png
Somalia,MEA,27342,1361,400478,16841795,1623.4611571985051,80.81086368762949,23.7788193004368,10.0,49.0,2025-08-23 20:07:51,2025-08-23,https://disease.sh/assets/img/flags/so.png
Uruguay,SA,1041112,7664,6114826,3496016,297799.5524047945,2192.209646637773,1749.0841003016005,-33.0,-56.0,2025-08-23 20:07:51,2025-08-23,https://disease.sh/assets/img/flags/uy.png
Iran,APAC,7627252,146812,57320323,86022837,88665.43194803027,1706.6630806421788,666.3384398726585,32.0,53.0,2025-08-23 20:07:51,2025-08-23,https://disease.sh/assets/img/flags/ir.png
Wallis And Futuna,Oceania,3551,8,20509,10982,323347.2955745766,728.4647605172099,1867.5104716809326,-13.3,-176.2,2025-08-23 20:07:51,2025-08-23,https://disease.sh/assets/img/flags/wf.png
Congo,MEA,25375,386,347820,5797805,4376.6563380451735,66.5769200585394,59.991669261039306,-1.0,15.0,2025-08-23 20:07:51,2025-08-23,https://disease.sh/assets/img/flags/cg.png
Channel Islands,EMEA,101718,228,1252809,176463,576426.7863518131,1292.0555583890107,7099.55628092008,49.21,-2.13,2025-08-23 20:07:51,2025-08-23,https://disease.sh/assets/img/flags/je.png
Serbia,EMEA,2615059,18057,13463735,8653016,302213.5865691223,2086.7868498105167,1555.9586391611895,44.0,21.0,2025-08-23 20:07:51,2025-08-23,https://disease.sh/assets/img/flags/rs.png
Tanzania,MEA,43225,846,20,63298550,682.8750421613133,13.365235064626281,0.0003159630038918743,-6.0,35.0,2025-08-23 20:07:51,2025-08-23,https://disease.sh/assets/img/flags/tz.png
Albania,EMEA,334864,3605,1941033,2866374,116824.95026817855,1257.6865405561173,677.1736695909187,41.0,20.0,2025-08-23 20:07:51,2025-08-23,https://disease.sh/assets/img/flags/al.png
Gibraltar,EMEA,20550,113,534283,33704,609719.9145502019,3352.7177783052457,15852.21338713506,36.1833,-5.3667,2025-08-23 20:07:51,2025-08-23,https://disease.sh/assets/img/flags/gi.png
Mali,MEA,33175,743,804919,21473764,1544.9084752910576,34.60036163198962,37.48383376104906,17.0,-4.0,2025-08-23 20:07:51,2025-08-23,https://disease.sh/assets/img/flags/ml.png
Tunisia,MEA,1153361,29423,5013385,12046656,95741.17497835084,2442.42053562416,416.16403755531826,34.0,9.0,2025-08-23 20:07:51,2025-08-23,https://disease.sh/assets/img/flags/tn.png
Cuba,NA,1115260,8530,14402679,11305652,98646.23464440618,754.4898781600566,1273.9361692717944,21.5,-80.0,2025-08-23 20:07:51,2025-08-23,https://disease.sh/assets/img/flags/cu.png
Tajikistan,APAC,17789,125,8,9957464,1786.4990523691574,12.553397130032307,0.0008034174163220675,39.0,71.0,2025-08-23 20:07:51,2025-08-23,https://disease.sh/assets/img/flags/tj.png
South Africa,MEA,4076498,102596,26795130,60756135,67096.07186171404,1688.6525122113183,441.0275604266137,-29.0,24.0,2025-08-23 20:07:51,2025-08-23,https://disease.sh/assets/img/flags/za.png
Tonga,Oceania,16951,13,535009,107749,157319.32546937792,120.65077170089745,4965.326824378881,-20.0,-175.0,2025-08-23 20:07:51,2025-08-23,https://disease.sh/assets/img/flags/to.png
N. Korea,APAC,4772817,74,2,25990679,183635.71802029488,2.847174558232973,7.695066373602628e-05,40.0,127.0,2025-08-23 20:07:51,2025-08-23,https://disease.sh/assets/img/flags/kp.png
Samoa,Oceania,17006,31,187398,202239,84088.62781164859,153.28398577920183,926.6165279693828,-13.5833,-172.3333,2025-08-23 20:07:51,2025-08-23,https://disease.sh/assets/img/flags/ws.png
Montenegro,EMEA,296543,2846,2769281,627950,472239.82801178435,4532.207978342225,4410.034238394776,42.0,19.0,2025-08-23 20:07:51,2025-08-23,https://disease.sh/assets/img/flags/me.png
Bosnia,EMEA,403615,16388,1884722,3249317,124215.33509965325,5043.521453893233,580.0363584100905,44.0,18.0,2025-08-23 20:07:51,2025-08-23,https://disease.sh/assets/img/flags/ba.png
Thailand,APAC,4770189,34587,17273525,70078203,68069.51085774845,493.54861453853204,246.4892685675744,15.0,100.0,2025-08-23 20:07:51,2025-08-23,https://disease.sh/assets/img/flags/th.png
Panama,NA,1059895,8727,7882622,4446964,238341.2593400801,1962.4624800200766,1772.5850715229537,9.0,-80.0,2025-08-23 20:07:51,2025-08-23,https://disease.sh/assets/img/flags/pa.png
San Marino,EMEA,26186,128,196855,34085,768255.8310107085,3755.3175883819863,5775.414405163562,43.7667,12.4167,2025-08-23 20:07:51,2025-08-23,https://disease.sh/assets/img/flags/sm.png
Sri Lanka,APAC,672763,16897,6486126,21575842,31181.30916976496,783.1444075276413,300.61983212520744,7.0,81.0,2025-08-23 20:07:51,2025-08-23,https://disease.sh/assets/img/flags/lk.png
Ukraine,EMEA,5558029,112418,32603807,43192122,128681.5452132683,2602.743157652685,754.8554109010897,49.0,32.0,2025-08-23 20:07:51,2025-08-23,https://disease.sh/assets/img/flags/ua.png
Antigua And Barbuda,NA,9107,146,18902,99509,91519.3600578842,1467.2039715000653,189.95266759790573,17.05,-61.8,2025-08-23 20:07:51,2025-08-23,https://disease.sh/assets/img/flags/ag.png
Seychelles,MEA,51221,172,1,99426,515167.05891819036,1729.9297970349808,0.010057731378110352,-4.5833,55.6667,2025-08-23 20:07:51,2025-08-23,https://disease.sh/assets/img/flags/sc.png
Sierra Leone,MEA,7781,126,259964,8306436,936.7435082868273,15.168960550589928,31.296695718837782,8.5,-11.5,2025-08-23 20:07:51,2025-08-23,https://disease.sh/assets/img/flags/sl.png
Costa Rica,NA,1238883,9428,4659763,5182354,239057.9647781684,1819.2504796083015,899.1595325213215,10.0,-84.0,2025-08-23 20:07:51,2025-08-23,https://disease.sh/assets/img/flags/cr.png
Dominican Republic,NA,675893,4384,3740940,11056370,61131.54679157807,396.51350307560256,338.35155661397005,19.0,-70.6667,2025-08-23 20:07:51,2025-08-23,https://disease.sh/assets/img/flags/do.png
Libyan Arab Jamahiriya,MEA,507277,6437,2483850,7040745,72048.76756650042,914.2498414585389,352.78226948994745,25.0,17.0,2025-08-23 20:07:51,2025-08-23,https://disease.sh/assets/img/flags/ly.png
Singapore,APAC,3006155,2024,24756672,5943546,505784.7621605015,340.53745020228666,4165.30333911776,1.3667,103.8,2025-08-23 20:07:51,2025-08-23,https://disease.sh/assets/img/flags/sg.png
Bhutan,APAC,62698,21,2303735,787941,79571.94764582627,26.651741691319526,2923.7404831072377,27.5,90.5,2025-08-23 20:07:51,2025-08-23,https://disease.sh/assets/img/flags/bt.png
Saint Vincent And The Grenadines,NA,9674,124,114197,111551,86722.6649693862,1111.599178850929,1023.7200921551577,13.25,-61.2,2025-08-23 20:07:51,2025-08-23,https://disease.sh/assets/img/flags/vc.png
Timor-leste,APAC,23461,138,278530,1369429,17131.957918227232,100.77192756981195,203.39134047840378,-8.55,125.5167,2025-08-23 20:07:51,2025-08-23,https://disease.sh/assets/img/flags/tl.png
Ethiopia,MEA,501195,7574,5565421,120812698,4148.529155436956,62.69208556206567,46.06652357022935,8.0,38.0,2025-08-23 20:07:51,2025-08-23,https://disease.sh/assets/img/flags/et.png
Myanmar,APAC,641894,19496,11711578,55227143,11622.79931808169,353.01482099119266,212.06199277771802,22.0,98.0,2025-08-23 20:07:51,2025-08-23,https://disease.sh/assets/img/flags/mm.png
Niger,MEA,9935,312,254555,26083660,380.889798440863,11.961511536341142,9.75917490106833,16.0,8.0,2025-08-23 20:07:51,2025-08-23,https://disease.sh/assets/img/flags/ne.png
Burkina Faso,MEA,22114,400,249003,22102838,1000.5050030226887,18.097223533014176,11.265657378477822,13.0,-2.0,2025-08-23 20:07:51,2025-08-23,https://disease.sh/assets/img/flags/bf.png
Palestine,APAC,621010,5404,3078533,5345541,116173.46120813591,1010.9360306094369,575.9067230052112,32.0,35.25,2025-08-23 20:07:51,2025-08-23,https://disease.sh/assets/img/flags/ps.png
Croatia,EMEA,1309729,18687,5660088,4059286,322650.0916663669,4603.518943971921,1394.3555590810797,45.1667,15.5,2025-08-23 20:07:51,2025-08-23,https://disease.sh/assets/img/flags/hr.png
Palau,Oceania,6291,10,71435,18233,345033.7300499095,548.456096089508,3917.896122415401,7.5,134.5,2025-08-23 20:07:51,2025-08-23,https://disease.sh/assets/img/flags/pw.png
Cambodia,APAC,139108,3056,3091439,17168639,8102.447724598321,177.99896660416707,180.06313721198285,13.0,105.0,2025-08-23 20:07:51,2025-08-23,https://disease.sh/assets/img/flags/kh.png
Netherlands,EMEA,8635796,22992,25984446,17211447,501747.2383350453,1335.8551433821922,1509.718851645652,52.5,5.75,2025-08-23 20:07:51,2025-08-23,https://disease.sh/assets/img/flags/nl.png
Venezuela,SA,552717,5856,3359037,29266991,18885.33740964351,200.0888987870328,114.77220189803592,8.0,-66.0,2025-08-23 20:07:51,2025-08-23,https://disease.sh/assets/img/flags/ve.png
Micronesia,Oceania,26548,65,82431,117489,225961.5793818996,553.243282349837,701.6061078058372,6.9167,158.25,2025-08-23 20:07:51,2025-08-23,https://disease.sh/assets/img/flags/fm.png
Réunion,MEA,494595,921,1603661,908061,544671.558408521,1014.2490427405208,1766.0278329319285,-21.1,55.6,2025-08-23 20:07:51,2025-08-23,https://disease.sh/assets/img/flags/re.png
Hungary,EMEA,2230239,49048,11394561,9606259,232165.19562922468,5105.837766814324,1186.1600858357035,47.0,20.0,2025-08-23 20:07:51,2025-08-23,https://disease.sh/assets/img/flags/hu.png
Kiribati,Oceania,5086,24,1,123419,41209.21414044839,194.45952406031486,0.008102480169179785,1.4167,173.0,2025-08-23 20:07:51,2025-08-23,https://disease.sh/assets/img/flags/ki.png
Finland,EMEA,1516121,11958,12108979,5554960,272931.0382072958,2152.670766306148,2179.8498999092703,64.0,26.0,2025-08-23 20:07:51,2025-08-23,https://disease.sh/assets/img/flags/fi.png
Honduras,NA,474594,11165,1660664,10221247,46432.10363666977,1092.3324717620071,162.47176102876685,15.0,-86.5,2025-08-23 20:07:51,2025-08-23,https://disease.sh/assets/img/flags/hn.png
Kazakhstan,APAC,1411835,13848,11575020,19205043,73513.76406707343,721.0606089244371,602.7073201554404,48.0,68.0,2025-08-23 20:07:51,2025-08-23,https://disease.sh/assets/img/flags/kz.png
Iceland,EMEA,209906,229,1996385,345393,607730.9036373058,663.0128578170373,5780.038970100726,65.0,-18.0,2025-08-23 20:07:51,2025-08-23,https://disease.sh/assets/img/flags/is.png
Solomon Islands,Oceania,25954,199,1,721159,35989.2894632113,275.94469458191605,0.0013866567566930457,-8.0,159.0,2025-08-23 20:07:51,2025-08-23,https://disease.sh/assets/img/flags/sb.png
Eritrea,MEA,10189,103,23696,3662244,2782.1739894993343,28.124832752814942,6.470349872919446,15.0,39.0,2025-08-23 20:07:51,2025-08-23,https://disease.sh/assets/img/flags/er.png
Sudan,MEA,64005,5046,562965,45992020,1391.6544652746281,109.71468528670843,12.240493024659495,15.0,30.0,2025-08-23 20:07:51,2025-08-23,https://disease.sh/assets/img/flags/sd.png
Bahrain,APAC,729549,1574,10948549,1783983,408943.9193086481,882.2954030391545,6137.137517566031,26.0,50.55,2025-08-23 20:07:51,2025-08-23,https://disease.sh/assets/img/flags/bh.png
South Sudan,MEA,18826,147,410291,11618511,1620.3453265224778,12.652223679953481,35.31356126443397,6.8769,31.3069,2025-08-23 20:07:51,2025-08-23,https://disease.sh/assets/img/flags/ss.png
Algeria,MEA,272017,6881,231009,45350148,5998.150215518591,151.73048608352943,5.093897378240088,28.0,3.0,2025-08-23 20:07:51,2025-08-23,https://disease.sh/assets/img/flags/dz.png
Bahamas,NA,38084,844,257839,400516,95087.33733483806,2107.281606727322,643.7670405177322,24.25,-76.0,2025-08-23 20:07:51,2025-08-23,https://disease.sh/assets/img/flags/bs.png
Colombia,SA,6400183,143200,36951526,51512762,124244.6095202583,2779.893650431712,717.3276012651,4.0,-72.0,2025-08-23 20:07:51,2025-08-23,https://disease.sh/assets/img/flags/co.png
Lithuania,EMEA,1397808,9897,10540360,2661708,525154.524838938,3718.289158690585,3959.9986174291093,56.0,24.0,2025-08-23 20:07:51,2025-08-23,https://disease.sh/assets/img/flags/lt.png
Togo,MEA,39576,290,815204,8680837,4559.007386038927,33.40691686757855,93.90845606247417,8.0,1.1667,2025-08-23 20:07:51,2025-08-23,https://disease.sh/assets/img/flags/tg.png
Holy See (vatican City State),EMEA,29,0,0,799,36295.36921151439,0.0,0.0,41.9,12.45,2025-08-23 20:07:51,2025-08-23,https://disease.sh/assets/img/flags/va.png
Haiti,NA,34672,860,132430,11680283,2968.421227465122,73.6283530116522,11.33791022015477,19.0,-72.4167,2025-08-23 20:07:51,2025-08-23,https://disease.sh/assets/img/flags/ht.png
Djibouti,MEA,15691,189,305941,1016097,15442.42331194758,186.00586361341485,301.09428528969187,11.5,43.0,2025-08-23 20:07:51,2025-08-23,https://disease.sh/assets/img/flags/dj.png
Afghanistan,APAC,234203,7996,1390778,40754388,5746.694073776792,196.1997319159841,34.125846767714926,33.0,65.0,2025-08-23 20:07:51,2025-08-23,https://disease.sh/assets/img/flags/af.png
Estonia,EMEA,628070,3001,6968104,1321910,475123.1173075323,2270.1999379685453,5271.239343071767,59.0,26.0,2025-08-23 20:07:51,2025-08-23,https://disease.sh/assets/img/flags/ee.png
Uzbekistan,APAC,253682,1637,1377932,34382084,7378.319475922402,47.612006299559965,40.077035469984885,41.0,64.0,2025-08-23 20:07:51,2025-08-23,https://disease.sh/assets/img/flags/uz.png
Nepal,APAC,1003459,12031,6047779,30225582,33198.99679681933,398.04030903358614,200.0880909423018,28.0,84.0,2025-08-23 20:07:51,2025-08-23,https://disease.sh/assets/img/flags/np.png
Swaziland,MEA,75192,1427,1048704,1184817,63462.96516677259,1204.4054060669284,885.1189677393218,-26.5,31.5,2025-08-23 20:07:51,2025-08-23,https://disease.sh/assets/img/flags/sz.png
Madagascar,MEA,68508,1426,531349,29178077,2347.927178340094,48.87230916554234,18.21055582244162,-20.0,47.0,2025-08-23 20:07:51,2025-08-23,https://disease.sh/assets/img/flags/mg.png
Saint Martin,NA,12324,63,112382,39730,310193.80820538633,1585.7034986156557,2828.6433425622954,18.11,-63.03,2025-08-23 20:07:51,2025-08-23,https://disease.sh/assets/img/flags/mf.png
Portugal,EMEA,5643066,28126,46139528,10140570,556484.1029646263,2773.611345318853,4549.993540797017,39.5,-8.0,2025-08-23 20:07:51,2025-08-23,https://disease.sh/assets/img/flags/pt.png
France,EMEA,40138568,167642,271490206,65584518,612012.8533993344,2556.1215529555316,4139.547171788317,46.0,2.0,2025-08-23 20:07:51,2025-08-23,https://disease.sh/assets/img/flags/fr.png
Switzerland,EMEA,4453058,14452,23833480,8773637,507549.83366647153,1647.2074237855977,2716.488042530139,47.0,8.0,2025-08-23 20:07:51,2025-08-23,https://disease.sh/assets/img/flags/ch.png
Cayman Islands,NA,31472,37,222773,67277,467797.3155759026,549.9650697861082,3311.2802294989374,19.5,-80.5,2025-08-23 20:07:51,2025-08-23,https://disease.sh/assets/img/flags/ky.png
Moldova,EMEA,635147,12218,3216307,4013171,158265.62087685772,3044.475303942942,801.4378156325758,47.0,29.0,2025-08-23 20:07:51,2025-08-23,https://disease.sh/assets/img/flags/md.png
Azerbaijan,APAC,835240,10400,7748059,10300205,81089.6482157394,1009.6886421192587,752.2237664201829,40.5,47.5,2025-08-23 20:07:51,2025-08-23,https://disease.sh/assets/img/flags/az.png
Senegal,MEA,89060,1971,1146543,17653671,5044.843081079284,111.64816654847596,64.94643522018735,14.0,-14.0,2025-08-23 20:07:51,2025-08-23,https://disease.sh/assets/img/flags/sn.png
Philippines,APAC,4140453,66866,36102800,112508994,36801.08454262777,594.3169307868844,320.8881238419037,13.0,122.0,2025-08-23 20:07:51,2025-08-23,https://disease.sh/assets/img/flags/ph.png
Uganda,MEA,172186,3632,3012453,48432863,3555.148081995483,74.99040475885145,62.1985324303459,1.0,32.0,2025-08-23 20:07:51,2025-08-23,https://disease.sh/assets/img/flags/ug.png
Montserrat,NA,1403,8,17763,4965,282578.0463242699,1611.2789526686809,3577.6435045317216,16.75,-62.2,2025-08-23 20:07:51,2025-08-23,https://disease.sh/assets/img/flags/ms.png
Martinique,NA,230354,1102,828929,374087,615776.5439590256,2945.838802203765,2215.872243622473,14.6667,-61.0,2025-08-23 20:07:51,2025-08-23,https://disease.sh/assets/img/flags/mq.png
Brunei,APAC,343720,225,717785,445431,771657.1141209301,505.12874047832327,1611.4392577077033,4.5,114.6667,2025-08-23 20:07:51,2025-08-23,https://disease.sh/assets/img/flags/bn.png
Saint Pierre Miquelon,NA,3453,2,25401,5759,599583.2609828096,347.28251432540367,4410.66157318979,46.8333,-56.3333,2025-08-23 20:07:51,2025-08-23,https://disease.sh/assets/img/flags/pm.png
Saint Lucia,NA,30215,410,210983,185113,163224.62495880894,2214.8633537352857,1139.7524755149557,13.8833,-61.1333,2025-08-23 20:07:51,2025-08-23,https://disease.sh/assets/img/flags/lc.png
Mayotte,MEA,42027,188,176919,286259,146814.59796897214,656.7479101093764,618.0382101523445,-12.8333,45.1667,2025-08-23 20:07:51,2025-08-23,https://disease.sh/assets/img/flags/yt.png
New Caledonia,Oceania,80064,314,98965,290915,275214.4097073028,1079.353075640651,340.18527748655106,-21.5,165.5,2025-08-23 20:07:51,2025-08-23,https://disease.sh/assets/img/flags/nc.png
Lebanon,APAC,1243842,10952,4795584,6684849,186068.8251896191,1638.3316960487814,717.3810507911248,33.8333,35.8333,2025-08-23 20:07:51,2025-08-23,https://disease.sh/assets/img/flags/lb.png
Israel,APAC,4841779,12707,41373370,9326000,519169.95496461506,1362.534848809779,4436.346772464079,31.5,34.75,2025-08-23 20:07:51,2025-08-23,https://disease.sh/assets/img/flags/il.png
Lesotho,MEA,36138,723,431221,2175699,16609.83435668261,332.3069965100871,198.19883173177908,-29.5,28.5,2025-08-23 20:07:51,2025-08-23,https://disease.sh/assets/img/flags/ls.png
Faroe Islands,EMEA,34658,28,778000,49233,703958.7268701887,568.7242296833425,15802.4089533443,62.0,-7.0,2025-08-23 20:07:51,2025-08-23,https://disease.sh/assets/img/flags/fo.png
Egypt,MEA,516078,24615,3693472,106156692,4861.474018048716,231.87421853725434,34.792644066188494,27.0,30.0,2025-08-23 20:07:51,2025-08-23,https://disease.sh/assets/img/flags/eg.png
