country,continent,cases,todayCases,deaths,todayDeaths,recovered,active,critical,tests,population,casesPerOneMillion,deathsPerOneMillion,updated,event_ts,region,latitude,longitude,flag_url,cases_per_million,deaths_per_million,tests_per_thousand,event_date
Channel Islands,Europe,101718,1,228,0,101321,168,0,1252808,176463,576421.0,1292.0,1755948797707,2025-08-23 19:33:17,EMEA,49.21,-2.13,https://disease.sh/assets/img/flags/je.png,576426.7863518131,1292.0555583890107,7099.550614009736,2025-08-23
Jordan,Asia,1746997,0,14122,0,1731007,1868,59,17201885,10300869,169597.0,1371.0,1755948797707,2025-08-23 19:33:17,APAC,31.0,36.0,https://disease.sh/assets/img/flags/jo.png,169597.05050127325,1370.9522953840108,1669.9450308512808,2025-08-23
Martinique,North America,230354,0,1102,0,0,229252,0,828929,374087,615777.0,2946.0,1755948797707,2025-08-23 19:33:17,NA,14.6667,-61.0,https://disease.sh/assets/img/flags/mq.png,615776.5439590256,2945.838802203765,2215.872243622473,2025-08-23
Palestine,Asia,621008,0,5404,0,615445,159,0,3078537,5345541,116173.0,1011.0,1755948797707,2025-08-23 19:33:17,APAC,32.0,35.25,https://disease.sh/assets/img/flags/ps.png,116173.08706452724,1010.9360306094369,575.9074712924286,2025-08-23
Saint Helena,Africa,2166,0,0,0,2,2164,0,0,6115,354211.0,0.0,1755948797707,2025-08-23 19:33:17,MEA,-15.9333,-5.7,https://disease.sh/assets/img/flags/sh.png,354210.95666394115,0.0,0.0,2025-08-23
Portugal,Europe,5643069,7,28126,0,5614809,127,61,46139525,10140570,556484.0,2774.0,1755948797707,2025-08-23 19:33:17,EMEA,39.5,-8.0,https://disease.sh/assets/img/flags/pt.png,556484.3988059843,2773.611345318853,4549.993244955658,2025-08-23
Guadeloupe,North America,203235,0,1021,0,0,202214,0,938040,399794,508349.0,2554.0,1755948797707,2025-08-23 19:33:17,NA,16.25,-61.5833,https://disease.sh/assets/img/flags/gp.png,508349.2998894431,2553.8152148356403,2346.308348799632,2025-08-23
Dominican Republic,North America,675894,4,4384,0,671316,190,4,3740931,11056370,61131.0,397.0,1755948797707,2025-08-23 19:33:17,NA,19.0,-70.6667,https://disease.sh/assets/img/flags/do.png,61131.6372371764,396.51350307560256,338.3507426035851,2025-08-23
Congo,Africa,25375,0,386,0,24006,983,0,347819,5797805,4377.0,67.0,1755948797707,2025-08-23 19:33:17,MEA,-1.0,15.0,https://disease.sh/assets/img/flags/cg.png,4376.6563380451735,66.5769200585394,59.9914967819718,2025-08-23
Saint Lucia,North America,30216,1,410,0,29805,0,0,210983,185113,163225.0,2215.0,1755948797707,2025-08-23 19:33:17,NA,13.8833,-61.1333,https://disease.sh/assets/img/flags/lc.png,163230.02706454977,2214.8633537352857,1139.7524755149557,2025-08-23
Antigua And Barbuda,North America,9107,1,146,0,8954,6,0,18902,99509,91509.0,1467.0,1755948797707,2025-08-23 19:33:17,NA,17.05,-61.8,https://disease.sh/assets/img/flags/ag.png,91519.3600578842,1467.2039715000653,189.95266759790573,2025-08-23
New Caledonia,Australia-Oceania,80065,1,314,0,0,79750,0,98964,290915,275214.0,1079.0,1755948797707,2025-08-23 19:33:17,Oceania,-21.5,165.5,https://disease.sh/assets/img/flags/nc.png,275217.84713748004,1079.353075640651,340.18184005637386,2025-08-23
Pakistan,Asia,1581963,27,30665,1,1538689,12583,0,30589214,229488994,6893.0,134.0,1755948797707,2025-08-23 19:33:17,APAC,30.0,70.0,https://disease.sh/assets/img/flags/pk.png,6893.415550900014,133.62296581421242,133.29272775495284,2025-08-23
Iran,Asia,7627203,17,146812,1,0,7480375,0,57320355,86022837,88665.0,1707.0,1755948797707,2025-08-23 19:33:17,APAC,32.0,53.0,https://disease.sh/assets/img/flags/ir.png,88664.862331848,1706.6630806421788,666.3388118669,2025-08-23
Botswana,Africa,330638,0,2801,0,327049,788,1,2026900,2441162,135443.0,1147.0,1755948797707,2025-08-23 19:33:17,MEA,-22.0,24.0,https://disease.sh/assets/img/flags/bw.png,135442.87515535633,1147.404391842901,830.3013073282314,2025-08-23
Fiji,Australia-Oceania,69118,1,885,0,67226,1006,0,672884,909466,75997.0,973.0,1755948797707,2025-08-23 19:33:17,Oceania,-18.0,175.0,https://disease.sh/assets/img/flags/fj.png,75998.4430424007,973.0984995590819,739.8671308218229,2025-08-23
Singapore,Asia,3006158,3,2024,0,3004131,0,4,24756673,5943546,505785.0,341.0,1755948797707,2025-08-23 19:33:17,APAC,1.3667,103.8,https://disease.sh/assets/img/flags/sg.png,505785.2669096866,340.53745020228666,4165.303507367487,2025-08-23
Estonia,Europe,628070,0,3001,0,0,625069,0,6968103,1321910,475123.0,2270.0,1755948797707,2025-08-23 19:33:17,EMEA,59.0,26.0,https://disease.sh/assets/img/flags/ee.png,475123.1173075323,2270.1999379685453,5271.238586590615,2025-08-23
Qatar,Asia,514526,2,690,0,513687,147,16,4065369,2979915,172664.0,232.0,1755948797707,2025-08-23 19:33:17,APAC,25.5,51.25,https://disease.sh/assets/img/flags/qa.png,172664.6565422168,231.55022878169345,1364.2566985971077,2025-08-23
Saint Kitts And Nevis,North America,6608,1,48,0,6559,0,0,126958,53871,122645.0,891.0,1755948797707,2025-08-23 19:33:17,NA,17.3333,-62.75,https://disease.sh/assets/img/flags/kn.png,122663.39960275473,891.0174305284847,2356.70397802157,2025-08-23
Greece,Europe,6101387,8,37869,0,0,6063510,0,102228372,10316637,591412.0,3671.0,1755948797707,2025-08-23 19:33:17,EMEA,39.0,22.0,https://disease.sh/assets/img/flags/gr.png,591412.3953377443,3670.672914051352,9909.079092343754,2025-08-23
Tunisia,Africa,1153370,9,29423,0,0,1123938,0,5013391,12046656,95741.0,2442.0,1755948797707,2025-08-23 19:33:17,MEA,34.0,9.0,https://disease.sh/assets/img/flags/tn.png,95741.92207364434,2442.42053562416,416.16453561884725,2025-08-23
Benin,Africa,28041,5,163,0,27847,26,0,604320,12784726,2193.0,13.0,1755948797707,2025-08-23 19:33:17,MEA,9.5,2.25,https://disease.sh/assets/img/flags/bj.png,2193.3203730764353,12.749588845314323,47.26890509816167,2025-08-23
Sao Tome And Principe,Africa,6778,0,80,0,6685,13,0,29600,227679,29770.0,351.0,1755948797707,2025-08-23 19:33:17,MEA,1.0,7.0,https://disease.sh/assets/img/flags/st.png,29769.98317807088,351.37188761370174,130.00759841706966,2025-08-23
Liberia,Africa,8093,3,295,0,7783,12,2,139829,5305117,1525.0,56.0,1755948797707,2025-08-23 19:33:17,MEA,6.5,-9.5,https://disease.sh/assets/img/flags/lr.png,1525.5082969894916,55.606690672420605,26.357382881470855,2025-08-23
Tokelau,Australia-Oceania,80,0,0,0,0,80,0,1,1378,58055.0,0.0,1755948797707,2025-08-23 19:33:17,Oceania,-9.0,-172.0,https://disease.sh/assets/img/flags/tk.png,58055.15239477504,0.0,0.7256894049346879,2025-08-23
Cambodia,Asia,139106,3,3056,0,136044,3,0,3091438,17168639,8102.0,178.0,1755948797707,2025-08-23 19:33:17,APAC,13.0,105.0,https://disease.sh/assets/img/flags/kh.png,8102.331233128029,177.99896660416707,180.0630789662477,2025-08-23
Syrian Arab Republic,Asia,57746,3,3165,0,54578,0,0,146271,19364809,2982.0,163.0,1755948797707,2025-08-23 19:33:17,APAC,35.0,38.0,https://disease.sh/assets/img/flags/sy.png,2982.0072069907837,163.44080646496437,7.553443981812576,2025-08-23
Belize,North America,71410,1,688,0,0,70721,0,576016,412190,173243.0,1669.0,1755948797707,2025-08-23 19:33:17,NA,17.25,-88.75,https://disease.sh/assets/img/flags/bz.png,173245.3480191174,1669.133166743492,1397.4526310681968,2025-08-23
Guinea,Africa,38577,5,468,0,37757,347,0,660122,13865691,2782.0,34.0,1755948797707,2025-08-23 19:33:17,MEA,11.0,-10.0,https://disease.sh/assets/img/flags/gn.png,2782.190948867965,33.75237483656603,47.6083016706488,2025-08-23
Timor-leste,Asia,23460,0,138,0,23102,220,0,278530,1369429,17131.0,101.0,1755948797707,2025-08-23 19:33:17,APAC,-8.55,125.5167,https://disease.sh/assets/img/flags/tl.png,17131.22768686803,100.77192756981195,203.39134047840378,2025-08-23
Cayman Islands,North America,31473,1,37,0,8553,22882,1,222773,67277,467797.0,550.0,1755948797707,2025-08-23 19:33:17,NA,19.5,-80.5,https://disease.sh/assets/img/flags/ky.png,467812.1794967076,549.9650697861082,3311.2802294989374,2025-08-23
Serbia,Europe,2615055,1,18057,0,2596608,389,0,13463738,8653016,302213.0,2087.0,1755948797707,2025-08-23 19:33:17,EMEA,44.0,21.0,https://disease.sh/assets/img/flags/rs.png,302213.12430255534,2086.7868498105167,1555.9589858611148,2025-08-23
Tonga,Australia-Oceania,16950,0,13,0,15638,1299,0,535009,107749,157310.0,121.0,1755948797707,2025-08-23 19:33:17,Oceania,-20.0,-175.0,https://disease.sh/assets/img/flags/to.png,157310.04464078552,120.65077170089745,4965.326824378881,2025-08-23
Gibraltar,Europe,20551,1,113,0,0,20437,0,534283,33704,609720.0,3353.0,1755948797707,2025-08-23 19:33:17,EMEA,36.1833,-5.3667,https://disease.sh/assets/img/flags/gi.png,609749.5846190363,3352.7177783052457,15852.21338713506,2025-08-23
Latvia,Europe,982505,0,6715,0,971406,4384,0,7885792,1848837,531418.0,3632.0,1755948797707,2025-08-23 19:33:17,EMEA,57.0,25.0,https://disease.sh/assets/img/flags/lv.png,531417.8589026507,3632.012989787634,4265.271627515027,2025-08-23
Anguilla,North America,3904,0,12,0,0,3892,0,51383,15230,256336.0,788.0,1755948797707,2025-08-23 19:33:17,NA,18.25,-63.1667,https://disease.sh/assets/img/flags/ai.png,256336.1785948785,787.9185817465528,3373.801707156927,2025-08-23
Holy See (vatican City State),Europe,30,1,0,0,29,0,0,1,799,36295.0,0.0,1755948797707,2025-08-23 19:33:17,EMEA,41.9,12.45,https://disease.sh/assets/img/flags/va.png,37546.93366708386,0.0,1.2515644555694618,2025-08-23
Peru,South America,4572673,6,222161,0,4350506,0,4,39010232,33684208,135751.0,6595.0,1755948797707,2025-08-23 19:33:17,SA,-10.0,-76.0,https://disease.sh/assets/img/flags/pe.png,135751.239868843,6595.4051821553885,1158.116349358726,2025-08-23
S. Korea,Asia,34571895,22,35934,0,34535939,0,0,15804105,51329899,673523.0,700.0,1755948797707,2025-08-23 19:33:17,APAC,37.0,127.5,https://disease.sh/assets/img/flags/kr.png,673523.5344998438,700.0598228334718,307.8927741509875,2025-08-23
San Marino,Europe,26186,1,128,0,26011,46,0,196855,34085,768226.0,3755.0,1755948797707,2025-08-23 19:33:17,EMEA,43.7667,12.4167,https://disease.sh/assets/img/flags/sm.png,768255.8310107085,3755.3175883819863,5775.414405163562,2025-08-23
Faroe Islands,Europe,34658,0,28,0,0,34630,0,778000,49233,703959.0,569.0,1755948797707,2025-08-23 19:33:17,EMEA,62.0,-7.0,https://disease.sh/assets/img/flags/fo.png,703958.7268701887,568.7242296833425,15802.4089533443,2025-08-23
Honduras,North America,474590,0,11165,0,0,463425,0,1660670,10221247,46432.0,1092.0,1755948797707,2025-08-23 19:33:17,NA,15.0,-86.5,https://disease.sh/assets/img/flags/hn.png,46431.7122949871,1092.3324717620071,162.47234804129084,2025-08-23
Maldives,Asia,186695,1,316,0,163687,22691,25,2213831,540985,345100.0,584.0,1755948797707,2025-08-23 19:33:17,APAC,3.25,73.0,https://disease.sh/assets/img/flags/mv.png,345101.9898888139,584.1197075704501,4092.2225200329026,2025-08-23
Sweden,Europe,2754131,2,27407,0,2726492,230,0,19500885,10218971,269511.0,2682.0,1755948797707,2025-08-23 19:33:17,EMEA,62.0,15.0,https://disease.sh/assets/img/flags/se.png,269511.5780248324,2681.972578256656,1908.3022155557542,2025-08-23
Usa,North America,111820332,250,1219489,2,109814428,786167,940,1186851527,334805269,333985.0,3642.0,1755948797707,2025-08-23 19:33:17,NA,38.0,-97.0,https://disease.sh/assets/img/flags/us.png,333986.1774994945,3642.382939917233,3544.90098242749,2025-08-23
Malta,Europe,121420,0,885,0,120149,386,0,2170601,444033,273448.0,1993.0,1755948797707,2025-08-23 19:33:17,EMEA,35.8333,14.5833,https://disease.sh/assets/img/flags/mt.png,273448.1446198819,1993.0951077960424,4888.3776656239515,2025-08-23
Spain,Europe,13914826,15,121760,0,13762417,30634,231,471036347,46719142,297840.0,2606.0,1755948797707,2025-08-23 19:33:17,EMEA,40.0,-4.0,https://disease.sh/assets/img/flags/es.png,297839.9303651595,2606.2122459355096,10082.298750263863,2025-08-23
Belarus,Europe,994042,5,7118,0,985592,1327,0,13646650,9432800,105381.0,755.0,1755948797707,2025-08-23 19:33:17,EMEA,53.0,28.0,https://disease.sh/assets/img/flags/by.png,105381.43499279111,754.6009668391146,1446.723136290391,2025-08-23
Cameroon,Africa,125387,8,1974,0,123280,125,0,1751775,27911548,4492.0,71.0,1755948797707,2025-08-23 19:33:17,MEA,6.0,12.0,https://disease.sh/assets/img/flags/cm.png,4492.298313228632,70.72341526883424,62.76165693138912,2025-08-23
Oman,Asia,399450,1,4628,0,0,394821,0,25000002,5323993,75028.0,869.0,1755948797707,2025-08-23 19:33:17,APAC,21.0,57.0,https://disease.sh/assets/img/flags/om.png,75028.27295227472,869.272367563218,4695.724055234483,2025-08-23
Bangladesh,Asia,2049469,92,29493,0,0,2019884,0,15254429,167885689,12207.0,176.0,1755948797707,2025-08-23 19:33:17,APAC,24.0,90.0,https://disease.sh/assets/img/flags/bd.png,12207.526515258844,175.6731033816706,90.86199717713879,2025-08-23
Ghana,Africa,171897,8,1462,0,170425,2,0,2541641,32395450,5306.0,45.0,1755948797707,2025-08-23 19:33:17,MEA,8.0,-2.0,https://disease.sh/assets/img/flags/gh.png,5306.2081249064295,45.12979446187659,78.45672771947912,2025-08-23
Italy,Europe,26723264,15,196487,0,26361218,165544,22,281126467,60262770,443445.0,3261.0,1755948797707,2025-08-23 19:33:17,EMEA,42.8333,12.8333,https://disease.sh/assets/img/flags/it.png,443445.66305199714,3260.5039562569063,4665.010702295962,2025-08-23
Nigeria,Africa,267301,113,3159,4,259953,4080,11,5709193,216746934,1233.0,15.0,1755948797707,2025-08-23 19:33:17,MEA,10.0,8.0,https://disease.sh/assets/img/flags/ng.png,1233.2400512756503,14.574600626184637,26.34036336587811,2025-08-23
Curaçao,North America,45986,0,295,0,44720,971,3,496693,165529,277812.0,1782.0,1755948797707,2025-08-23 19:33:17,NA,12.15,-68.97,https://disease.sh/assets/img/flags/cw.png,277812.34708117606,1782.1650586906223,3000.640371173631,2025-08-23
Saint Pierre Miquelon,North America,3453,1,2,0,2449,1001,0,25400,5759,599410.0,347.0,1755948797707,2025-08-23 19:33:17,NA,46.8333,-56.3333,https://disease.sh/assets/img/flags/pm.png,599583.2609828096,347.28251432540367,4410.487931932626,2025-08-23
Moldova,Europe,635147,2,12218,0,0,622927,0,3216307,4013171,158265.0,3044.0,1755948797707,2025-08-23 19:33:17,EMEA,47.0,29.0,https://disease.sh/assets/img/flags/md.png,158265.62087685772,3044.475303942942,801.4378156325758,2025-08-23
Norway,Europe,1509733,1,6638,0,1503094,0,0,11002436,5511370,273930.0,1204.0,1755948797707,2025-08-23 19:33:17,EMEA,62.0,10.0,https://disease.sh/assets/img/flags/no.png,273930.61979144934,1204.419227887077,1996.3159795114461,2025-08-23
Côte D'ivoire,Africa,88396,12,835,0,87497,52,0,1690967,27742298,3186.0,30.0,1755948797707,2025-08-23 19:33:17,MEA,8.0,-5.0,https://disease.sh/assets/img/flags/ci.png,3186.3258047332633,30.098443899636578,60.95266513249912,2025-08-23
Uganda,Africa,172169,20,3632,0,100431,68086,0,3012440,48432863,3554.0,75.0,1755948797707,2025-08-23 19:33:17,MEA,1.0,32.0,https://disease.sh/assets/img/flags/ug.png,3554.7970806516228,74.99040475885145,62.19826401755354,2025-08-23
Bosnia,Europe,403617,2,16388,0,379084,8143,0,1884721,3249317,124215.0,5044.0,1755948797707,2025-08-23 19:33:17,EMEA,44.0,18.0,https://disease.sh/assets/img/flags/ba.png,124215.95061362126,5043.521453893233,580.0360506531065,2025-08-23
Morocco,Africa,1279021,29,16303,0,0,1262689,0,13001043,37772756,33860.0,432.0,1755948797707,2025-08-23 19:33:17,MEA,32.0,-5.0,https://disease.sh/assets/img/flags/ma.png,33860.93935004372,431.607373314248,344.19100899071276,2025-08-23
Paraguay,South America,837604,2,20155,0,0,817447,0,2657508,7305843,114648.0,2759.0,1755948797707,2025-08-23 19:33:17,SA,-23.0,-58.0,https://disease.sh/assets/img/flags/py.png,114648.50805033724,2758.7507697605874,363.7510414609238,2025-08-23
Isle Of Man,Europe,38008,0,116,0,0,37892,0,150754,85732,443335.0,1353.0,1755948797707,2025-08-23 19:33:17,EMEA,54.23,-4.55,https://disease.sh/assets/img/flags/im.png,443335.0440908879,1353.0537022348715,1758.4332571268603,2025-08-23
Andorra,Europe,48015,0,165,0,0,47850,0,249838,77463,619844.0,2130.0,1755948797707,2025-08-23 19:33:17,EMEA,42.5,1.6,https://disease.sh/assets/img/flags/ad.png,619844.3127686767,2130.0491847720846,3225.255928636898,2025-08-23
Somalia,Africa,27339,5,1361,0,13182,12791,0,400467,16841795,1623.0,81.0,1755948797707,2025-08-23 19:33:17,MEA,10.0,49.0,https://disease.sh/assets/img/flags/so.png,1623.2830289170483,80.81086368762949,23.778166163404794,2025-08-23
Indonesia,Asia,6829390,169,162068,5,6647104,20054,0,114159075,279134505,24466.0,581.0,1755948797707,2025-08-23 19:33:17,APAC,-5.0,120.0,https://disease.sh/assets/img/flags/id.png,24466.305231594353,580.6089791729618,408.97514622923455,2025-08-23
Uk,Europe,24910392,5,232112,0,24678275,0,0,522526518,68497907,363666.0,3389.0,1755948797707,2025-08-23 19:33:17,EMEA,54.0,-2.0,https://disease.sh/assets/img/flags/gb.png,363666.4694002986,3388.5998881688456,7628.357432877475,2025-08-23
Swaziland,Africa,75192,1,1427,0,73116,648,0,1048705,1184817,63462.0,1204.0,1755948797707,2025-08-23 19:33:17,MEA,-26.5,31.5,https://disease.sh/assets/img/flags/sz.png,63462.96516677259,1204.4054060669284,885.1198117515195,2025-08-23
Yemen,Asia,11951,6,2159,0,9124,662,0,329594,31154867,383.0,69.0,1755948797707,2025-08-23 19:33:17,APAC,15.0,48.0,https://disease.sh/assets/img/flags/ye.png,383.5997759194414,69.29896378630022,10.57921383519307,2025-08-23
South Sudan,Africa,18825,6,147,0,18115,557,1,410286,11618511,1620.0,13.0,1755948797707,2025-08-23 19:33:17,MEA,6.8769,31.3069,https://disease.sh/assets/img/flags/ss.png,1620.2592569736346,12.652223679953481,35.31313091668976,2025-08-23
Equatorial Guinea,Africa,17229,0,183,0,16907,139,5,365697,1496662,11512.0,122.0,1755948797707,2025-08-23 19:33:17,MEA,2.0,10.0,https://disease.sh/assets/img/flags/gq.png,11511.61718544334,122.27209617134665,244.34174182280302,2025-08-23
Uae,Asia,1067031,1,2349,0,0,1064681,0,200732264,10081785,105837.0,233.0,1755948797707,2025-08-23 19:33:17,APAC,24.0,54.0,https://disease.sh/assets/img/flags/ae.png,105837.50794130206,232.99445485100108,19910.38928126319,2025-08-23
Nicaragua,North America,18493,2,225,0,4225,14041,0,4,6779100,2728.0,33.0,1755948797707,2025-08-23 19:33:17,NA,13.0,-85.0,https://disease.sh/assets/img/flags/ni.png,2727.943237302887,33.19024649289729,0.0005900488265403963,2025-08-23
Monaco,Europe,17182,1,67,0,0,17114,0,78646,39783,431868.0,1684.0,1755948797707,2025-08-23 19:33:17,EMEA,43.7333,7.4,https://disease.sh/assets/img/flags/mc.png,431893.0196315009,1684.13644018802,1976.8745444033884,2025-08-23
Montserrat,North America,1403,0,8,0,1376,19,0,17763,4965,282578.0,1611.0,1755948797707,2025-08-23 19:33:17,NA,16.75,-62.2,https://disease.sh/assets/img/flags/ms.png,282578.0463242699,1611.2789526686809,3577.6435045317216,2025-08-23
Iraq,Asia,2465551,6,25375,0,2439497,673,0,19544483,42164965,58474.0,602.0,1755948797707,2025-08-23 19:33:17,APAC,33.0,44.0,https://disease.sh/assets/img/flags/iq.png,58473.924975391295,601.8029423242732,463.52423155100445,2025-08-23
Lao People's Democratic Republic,Asia,218970,0,758,0,0,218212,0,1233211,7481023,29270.0,101.0,1755948797707,2025-08-23 19:33:17,APAC,18.0,105.0,https://disease.sh/assets/img/flags/la.png,29270.061059830987,101.32304097982322,164.84523573848122,2025-08-23
Sierra Leone,Africa,7785,6,126,0,0,7653,0,259958,8306436,937.0,15.0,1755948797707,2025-08-23 19:33:17,MEA,8.5,-11.5,https://disease.sh/assets/img/flags/sl.png,937.2250625900206,15.168960550589928,31.295973387382993,2025-08-23
French Guiana,South America,98042,1,420,0,11254,86367,6,651258,314169,312065.0,1337.0,1755948797707,2025-08-23 19:33:17,SA,4.0,-53.0,https://disease.sh/assets/img/flags/gf.png,312067.7087809428,1336.860097590787,2072.9543653256687,2025-08-23
Saint Martin,North America,12325,1,63,0,0,12261,0,112383,39730,310194.0,1586.0,1755948797707,2025-08-23 19:33:17,NA,18.11,-63.03,https://disease.sh/assets/img/flags/mf.png,310218.9781021898,1585.7034986156557,2828.668512459099,2025-08-23
Azerbaijan,Asia,835235,1,10400,0,824089,745,0,7748061,10300205,81089.0,1010.0,1755948797707,2025-08-23 19:33:17,APAC,40.5,47.5,https://disease.sh/assets/img/flags/az.png,81089.16278850762,1009.6886421192587,752.2239605910756,2025-08-23
Zimbabwe,Africa,266369,10,5740,0,258888,1731,12,2525766,15331428,17373.0,374.0,1755948797707,2025-08-23 19:33:17,MEA,-20.0,30.0,https://disease.sh/assets/img/flags/zw.png,17374.0502189359,374.3943486542806,164.74434084026615,2025-08-23
Libyan Arab Jamahiriya,Africa,507277,3,6437,0,500835,2,0,2483849,7040745,72048.0,914.0,1755948797707,2025-08-23 19:33:17,MEA,25.0,17.0,https://disease.sh/assets/img/flags/ly.png,72048.76756650042,914.2498414585389,352.7821274595231,2025-08-23
Armenia,Asia,451832,1,8777,0,435162,7892,0,3242903,2971966,152031.0,2953.0,1755948797707,2025-08-23 19:33:17,APAC,40.0,45.0,https://disease.sh/assets/img/flags/am.png,152031.34894544553,2953.2639337058363,1091.1642326998356,2025-08-23
St. Barth,North America,5507,0,6,0,0,5501,0,78647,9945,553746.0,603.0,1755948797707,2025-08-23 19:33:17,NA,17.89,-62.82,https://disease.sh/assets/img/flags/bl.png,553745.6008044244,603.3182503770739,7908.195072900956,2025-08-23
Kazakhstan,Asia,1411834,3,13848,0,1383020,14963,24,11575031,19205043,73514.0,721.0,1755948797707,2025-08-23 19:33:17,APAC,48.0,68.0,https://disease.sh/assets/img/flags/kz.png,73513.71199741651,721.0606089244371,602.7078929216665,2025-08-23
Mexico,North America,7702889,80,334960,2,6899865,467986,0,20013948,131562772,58549.0,2546.0,1755948797707,2025-08-23 19:33:17,NA,23.0,-102.0,https://disease.sh/assets/img/flags/mx.png,58549.15401144026,2546.008988013722,152.12470591604742,2025-08-23
Gabon,Africa,49051,0,307,0,48674,70,0,1621910,2331533,21038.0,132.0,1755948797707,2025-08-23 19:33:17,MEA,-1.0,11.75,https://disease.sh/assets/img/flags/ga.png,21038.089531651494,131.67302371444026,695.6410224517517,2025-08-23
Guinea-bissau,Africa,9614,0,177,0,8929,508,6,145231,2063367,4659.0,86.0,1755948797707,2025-08-23 19:33:17,MEA,12.0,-15.0,https://disease.sh/assets/img/flags/gw.png,4659.374701640571,85.78212213338684,70.38544282233843,2025-08-23
Tuvalu,Australia-Oceania,2943,0,1,0,0,2942,0,1,12066,243909.0,83.0,1755948797707,2025-08-23 19:33:17,Oceania,-8.0,178.0,https://disease.sh/assets/img/flags/tv.png,243908.50323222278,82.8775070445881,0.0828775070445881,2025-08-23
Turks And Caicos Islands,North America,6753,1,40,0,6709,3,4,616788,39741,169900.0,1007.0,1755948797707,2025-08-23 19:33:17,NA,21.75,-71.5833,https://disease.sh/assets/img/flags/tc.png,169925.26609798445,1006.5171988626355,15520.193251302182,2025-08-23
Kenya,Africa,344130,0,5690,1,337309,1132,0,3967098,56215221,6122.0,101.0,1755948797707,2025-08-23 19:33:17,MEA,1.0,38.0,https://disease.sh/assets/img/flags/ke.png,6121.651643066564,101.21813805552769,70.5698195156077,2025-08-23
Ukraine,Europe,5558014,19,112418,0,5445577,0,0,32603844,43192122,128681.0,2603.0,1755948797707,2025-08-23 19:33:17,EMEA,49.0,32.0,https://disease.sh/assets/img/flags/ua.png,128681.19792771467,2602.743157652685,754.8562675387886,2025-08-23
Samoa,Australia-Oceania,17006,0,31,0,1605,15370,0,187397,202239,84089.0,153.0,1755948797707,2025-08-23 19:33:17,Oceania,-13.5833,-172.3333,https://disease.sh/assets/img/flags/ws.png,84088.62781164859,153.28398577920183,926.6115833246802,2025-08-23
Cyprus,Asia,681110,0,1365,0,679745,0,0,9640119,1223387,556741.0,1116.0,1755948797707,2025-08-23 19:33:17,APAC,35.0,33.0,https://disease.sh/assets/img/flags/cy.png,556741.2437764992,1115.7548674295215,7879.8605837727555,2025-08-23
Turkey,Asia,17232094,28,102174,0,0,17129892,0,162743397,85561976,201399.0,1194.0,1755948797707,2025-08-23 19:33:17,APAC,39.0,35.0,https://disease.sh/assets/img/flags/tr.png,201398.9718984517,1194.1519443169477,1902.0528114030467,2025-08-23
Ethiopia,Africa,501160,3,7575,1,488171,5412,0,5565357,120812698,4148.0,63.0,1755948797707,2025-08-23 19:33:17,MEA,8.0,38.0,https://disease.sh/assets/img/flags/et.png,4148.239450790181,62.70036283768781,46.065993824589526,2025-08-23
Mayotte,Africa,42028,1,188,0,0,41839,0,176919,286259,146815.0,657.0,1755948797707,2025-08-23 19:33:17,MEA,-12.8333,45.1667,https://disease.sh/assets/img/flags/yt.png,146818.09130891954,656.7479101093764,618.0382101523445,2025-08-23
Nauru,Australia-Oceania,5393,0,1,0,5347,45,0,20509,10903,494635.0,92.0,1755948797707,2025-08-23 19:33:17,Oceania,-0.5333,166.9167,https://disease.sh/assets/img/flags/nr.png,494634.5042648812,91.71787581399614,1881.041915069247,2025-08-23
French Polynesia,Australia-Oceania,79254,0,650,0,0,78604,0,0,284164,278902.0,2287.0,1755948797707,2025-08-23 19:33:17,Oceania,-15.0,-140.0,https://disease.sh/assets/img/flags/pf.png,278902.3240100787,2287.4114947706257,0.0,2025-08-23
Israel,Asia,4841779,7,12707,0,4798473,30592,0,41373367,9326000,519169.0,1363.0,1755948797707,2025-08-23 19:33:17,APAC,31.5,34.75,https://disease.sh/assets/img/flags/il.png,519169.95496461506,1362.534848809779,4436.346450782758,2025-08-23
India,Asia,45036109,716,533594,24,0,44501823,0,935880718,1406631776,32016.0,379.0,1755948797707,2025-08-23 19:33:17,APAC,20.0,77.0,https://disease.sh/assets/img/flags/in.png,32016.985374856198,379.34163659900145,665.3345487909694,2025-08-23
Tanzania,Africa,43243,20,847,1,0,42377,0,37,63298550,683.0,13.0,1755948797707,2025-08-23 19:33:17,MEA,-6.0,35.0,https://disease.sh/assets/img/flags/tz.png,683.1594088648161,13.381033214820878,0.0005845315571999674,2025-08-23
Montenegro,Europe,296542,0,2846,0,291794,1902,0,2769281,627950,472238.0,4532.0,1755948797707,2025-08-23 19:33:17,EMEA,42.0,19.0,https://disease.sh/assets/img/flags/me.png,472238.2355283064,4532.207978342225,4410.034238394776,2025-08-23
Taiwan,Asia,10241532,9,19005,0,10222518,0,0,30742304,23888595,428720.0,796.0,1755948797707,2025-08-23 19:33:17,APAC,23.5,121.0,https://disease.sh/assets/img/flags/tw.png,428720.56728325796,795.5679268705422,1286.90297608545,2025-08-23
Burkina Faso,Africa,22119,5,400,0,21596,118,0,249005,22102838,1001.0,18.0,1755948797707,2025-08-23 19:33:17,MEA,13.0,-2.0,https://disease.sh/assets/img/flags/bf.png,1000.7312183168515,18.097223533014176,11.265747864595488,2025-08-23
Nepal,Asia,1003460,10,12031,0,991322,97,0,6047772,30225582,33199.0,398.0,1755948797707,2025-08-23 19:33:17,APAC,28.0,84.0,https://disease.sh/assets/img/flags/np.png,33199.02988137664,398.04030903358614,200.0878593504006,2025-08-23
Belgium,Europe,4861701,6,34376,0,4826798,521,0,37454186,11668278,416659.0,2946.0,1755948797707,2025-08-23 19:33:17,EMEA,50.8333,4.0,https://disease.sh/assets/img/flags/be.png,416659.68191707466,2946.1073861970035,3209.915464818373,2025-08-23
Venezuela,South America,552703,8,5856,0,546537,302,31,3359020,29266991,18885.0,200.0,1755948797707,2025-08-23 19:33:17,SA,8.0,-66.0,https://disease.sh/assets/img/flags/ve.png,18884.85905503576,200.0888987870328,114.77162103886936,2025-08-23
Djibouti,Africa,15691,1,189,0,15427,74,0,305942,1016097,15441.0,186.0,1755948797708,2025-08-23 19:33:17,MEA,11.5,43.0,https://disease.sh/assets/img/flags/dj.png,15442.42331194758,186.00586361341485,301.0952694477004,2025-08-23
Costa Rica,North America,1238883,0,9428,0,0,1229455,0,4659760,5182354,239058.0,1819.0,1755948797708,2025-08-23 19:33:17,NA,10.0,-84.0,https://disease.sh/assets/img/flags/cr.png,239057.9647781684,1819.2504796083015,899.158953633812,2025-08-23
Russia,Europe,24124320,105,402756,0,23545818,175641,0,273400111,145805947,165454.0,2762.0,1755948797708,2025-08-23 19:33:17,EMEA,60.0,100.0,https://disease.sh/assets/img/flags/ru.png,165454.97969297506,2762.2741615607765,1875.0957462660972,2025-08-23
Ecuador,South America,1070191,3,36043,0,1034145,0,0,3082403,18113361,59083.0,1990.0,1755948797708,2025-08-23 19:33:17,SA,-2.0,-77.5,https://disease.sh/assets/img/flags/ec.png,59082.96091487383,1989.8571005127098,170.17289060820903,2025-08-23
Bahrain,Asia,729549,0,1574,0,727915,60,0,10948551,1783983,408944.0,882.0,1755948797708,2025-08-23 19:33:17,APAC,26.0,50.55,https://disease.sh/assets/img/flags/bh.png,408943.9193086481,882.2954030391545,6137.138638652947,2025-08-23
Panama,North America,1059896,3,8727,0,1051102,64,16,7882625,4446964,238341.0,1962.0,1755948797708,2025-08-23 19:33:17,NA,9.0,-80.0,https://disease.sh/assets/img/flags/pa.png,238341.48421259987,1962.4624800200766,1772.585746140513,2025-08-23
El Salvador,North America,201859,4,4230,0,179410,18215,0,2610115,6550389,30816.0,646.0,1755948797708,2025-08-23 19:33:17,NA,13.8333,-88.9167,https://disease.sh/assets/img/flags/sv.png,30816.337777802204,645.7631752862311,398.4671750028891,2025-08-23
Argentina,South America,10128847,2,130841,0,9997258,746,0,35716116,46010234,220143.0,2844.0,1755948797708,2025-08-23 19:33:17,SA,-34.0,-64.0,https://disease.sh/assets/img/flags/ar.png,220143.34897753398,2843.7368955784923,776.2646023491209,2025-08-23
Macedonia,Europe,350568,1,9976,0,337068,3523,0,2226218,2081304,168436.0,4793.0,1755948797708,2025-08-23 19:33:17,EMEA,41.8333,22.0,https://disease.sh/assets/img/flags/mk.png,168436.71083128653,4793.148910490731,1069.6265418218577,2025-08-23
Cook Islands,Australia-Oceania,7203,0,2,0,7150,51,0,19690,17571,409937.0,114.0,1755948797708,2025-08-23 19:33:17,Oceania,-21.2333,-159.7667,https://disease.sh/assets/img/flags/ck.png,409936.8277275056,113.82391440441637,1120.5964373114791,2025-08-23
Namibia,Africa,172389,0,4106,0,167099,1184,0,1062666,2633874,65451.0,1559.0,1755948797708,2025-08-23 19:33:17,MEA,-22.0,17.0,https://disease.sh/assets/img/flags/na.png,65450.73910141487,1558.920434310829,403.4612134065639,2025-08-23
Czechia,Europe,4759046,5,43517,0,4715206,318,2,57834244,10736784,443246.0,4053.0,1755948797708,2025-08-23 19:33:17,EMEA,49.75,15.5,https://disease.sh/assets/img/flags/cz.png,443246.87913997343,4053.0758558614943,5386.551876241527,2025-08-23
Falkland Islands (malvinas),South America,1931,1,0,0,1930,0,0,8632,3539,545352.0,0.0,1755948797708,2025-08-23 19:33:17,SA,-51.75,-59.0,https://disease.sh/assets/img/flags/fk.png,545634.3599886973,0.0,2439.107092398983,2025-08-23
Ireland,Europe,1734584,2,9491,0,1724921,170,19,13083455,5020199,345521.0,1891.0,1755948797708,2025-08-23 19:33:17,EMEA,53.0,-8.0,https://disease.sh/assets/img/flags/ie.png,345520.96440798463,1890.562505589918,2606.1626242306334,2025-08-23
Eritrea,Africa,10190,1,103,0,10086,0,0,23697,3662244,2782.0,28.0,1755948797708,2025-08-23 19:33:17,MEA,15.0,39.0,https://disease.sh/assets/img/flags/er.png,2782.4470461280025,28.124832752814942,6.470622929548114,2025-08-23
Bolivia,South America,1212133,2,22407,0,1177145,12579,220,2710265,11992656,101073.0,1868.0,1755948797708,2025-08-23 19:33:17,SA,-17.0,-65.0,https://disease.sh/assets/img/flags/bo.png,101072.93997259656,1868.393456795559,225.99372482626035,2025-08-23
Germany,Europe,38829015,20,183027,0,38240600,405368,0,122332466,83883596,462891.0,2182.0,1755948797708,2025-08-23 19:33:17,EMEA,51.0,9.0,https://disease.sh/assets/img/flags/de.png,462891.6361668615,2181.916473871721,1458.3598204349753,2025-08-23
Kiribati,Australia-Oceania,5085,0,24,0,2703,2358,3,1,123419,41201.0,194.0,1755948797708,2025-08-23 19:33:17,Oceania,1.4167,173.0,https://disease.sh/assets/img/flags/ki.png,41201.11166027921,194.45952406031486,0.008102480169179785,2025-08-23
Colombia,South America,6400191,18,143201,1,6212152,44821,342,36951525,51512762,124244.0,2780.0,1755948797708,2025-08-23 19:33:17,SA,4.0,-72.0,https://disease.sh/assets/img/flags/co.png,124244.76482157955,2779.913063096869,717.327581852435,2025-08-23
Bulgaria,Europe,1339855,4,38748,0,1292944,8159,22,11671051,6844597,195753.0,5661.0,1755948797708,2025-08-23 19:33:17,EMEA,43.0,25.0,https://disease.sh/assets/img/flags/bg.png,195753.6725683046,5661.107586027344,1705.1480167495615,2025-08-23
Solomon Islands,Australia-Oceania,25954,0,199,0,0,25755,0,1,721159,35989.0,276.0,1755948797708,2025-08-23 19:33:17,Oceania,-8.0,159.0,https://disease.sh/assets/img/flags/sb.png,35989.2894632113,275.94469458191605,0.0013866567566930457,2025-08-23
Canada,North America,4946117,27,59034,0,4881312,5744,99,66572793,38388419,128843.0,1538.0,1755948803628,2025-08-23 19:33:23,NA,60.0,-95.0,https://disease.sh/assets/img/flags/ca.png,128843.98807880054,1537.8075351318846,1734.1894960560894,2025-08-23
Morocco,Africa,1279021,29,16303,0,0,1262689,0,13001063,37772756,33860.0,432.0,1755948803628,2025-08-23 19:33:23,MEA,32.0,-5.0,https://disease.sh/assets/img/flags/ma.png,33860.93935004372,431.607373314248,344.1915384728612,2025-08-23
Tanzania,Africa,43255,32,847,1,0,42377,0,43,63298550,683.0,13.0,1755948803628,2025-08-23 19:33:23,MEA,-6.0,35.0,https://disease.sh/assets/img/flags/tz.png,683.3489866671512,13.381033214820878,0.0006793204583675297,2025-08-23
Saint Kitts And Nevis,North America,6608,1,48,0,6559,0,0,126958,53871,122645.0,891.0,1755948803628,2025-08-23 19:33:23,NA,17.3333,-62.75,https://disease.sh/assets/img/flags/kn.png,122663.39960275473,891.0174305284847,2356.70397802157,2025-08-23
Turkey,Asia,17232119,53,102175,1,0,17129892,0,162743395,85561976,201399.0,1194.0,1755948803628,2025-08-23 19:33:23,APAC,39.0,35.0,https://disease.sh/assets/img/flags/tr.png,201399.26408431708,1194.1636317515622,1902.0527880281775,2025-08-23
Togo,Africa,39573,1,290,0,39281,1,0,815214,8680837,4559.0,33.0,1755948803628,2025-08-23 19:33:23,MEA,8.0,1.1667,https://disease.sh/assets/img/flags/tg.png,4558.661797243745,33.40691686757855,93.90960802512477,2025-08-23
Peru,South America,4572671,4,222161,0,4350506,0,4,39010209,33684208,135751.0,6595.0,1755948803628,2025-08-23 19:33:23,SA,-10.0,-76.0,https://disease.sh/assets/img/flags/pe.png,135751.18049383853,6595.4051821553885,1158.115666546175,2025-08-23
Saint Martin,North America,12325,1,63,0,0,12261,0,112382,39730,310194.0,1586.0,1755948803628,2025-08-23 19:33:23,NA,18.11,-63.03,https://disease.sh/assets/img/flags/mf.png,310218.9781021898,1585.7034986156557,2828.6433425622954,2025-08-23
Fiji,Australia-Oceania,69117,0,885,0,67226,1006,0,672883,909466,75997.0,973.0,1755948803628,2025-08-23 19:33:23,Oceania,-18.0,175.0,https://disease.sh/assets/img/flags/fj.png,75997.34349607352,973.0984995590819,739.8660312754957,2025-08-23
Turks And Caicos Islands,North America,6753,1,40,0,6709,3,4,616788,39741,169900.0,1007.0,1755948803628,2025-08-23 19:33:23,NA,21.75,-71.5833,https://disease.sh/assets/img/flags/tc.png,169925.26609798445,1006.5171988626355,15520.193251302182,2025-08-23
Bahamas,North America,38085,1,844,0,36366,874,1,257840,400516,95087.0,2107.0,1755948803628,2025-08-23 19:33:23,NA,24.25,-76.0,https://disease.sh/assets/img/flags/bs.png,95089.83411399295,2107.281606727322,643.769537296887,2025-08-23
St. Barth,North America,5508,1,6,0,0,5501,0,78647,9945,553746.0,603.0,1755948803628,2025-08-23 19:33:23,NA,17.89,-62.82,https://disease.sh/assets/img/flags/bl.png,553846.1538461539,603.3182503770739,7908.195072900956,2025-08-23
Lebanon,Asia,1243838,0,10952,0,1087587,145299,74,4795579,6684849,186068.0,1638.0,1755948803628,2025-08-23 19:33:23,APAC,33.8333,35.8333,https://disease.sh/assets/img/flags/lb.png,186068.22682157817,1638.3316960487814,717.3803028310737,2025-08-23
Channel Islands,Europe,101718,1,228,0,101321,168,0,1252808,176463,576421.0,1292.0,1755948803628,2025-08-23 19:33:23,EMEA,49.21,-2.13,https://disease.sh/assets/img/flags/je.png,576426.7863518131,1292.0555583890107,7099.550614009736,2025-08-23
New Caledonia,Australia-Oceania,80064,0,314,0,0,79750,0,98964,290915,275214.0,1079.0,1755948803628,2025-08-23 19:33:23,Oceania,-21.5,165.5,https://disease.sh/assets/img/flags/nc.png,275214.4097073028,1079.353075640651,340.18184005637386,2025-08-23
Argentina,South America,10128853,8,130841,0,9997258,746,0,35716114,46010234,220143.0,2844.0,1755948803628,2025-08-23 19:33:23,SA,-34.0,-64.0,https://disease.sh/assets/img/flags/ar.png,220143.47938330416,2843.7368955784923,776.2645588805308,2025-08-23
Grenada,North America,19693,0,238,0,19358,97,4,182982,113475,173545.0,2097.0,1755948803628,2025-08-23 19:33:23,NA,12.1167,-61.6667,https://disease.sh/assets/img/flags/gd.png,173544.8336638026,2097.378277153558,1612.5313945803039,2025-08-23
Belize,North America,71410,1,688,0,0,70721,0,576017,412190,173243.0,1669.0,1755948803628,2025-08-23 19:33:23,NA,17.25,-88.75,https://disease.sh/assets/img/flags/bz.png,173245.3480191174,1669.133166743492,1397.455057133846,2025-08-23
Greece,Europe,6101385,6,37869,0,0,6063510,0,102228366,10316637,591412.0,3671.0,1755948803628,2025-08-23 19:33:23,EMEA,39.0,22.0,https://disease.sh/assets/img/flags/gr.png,591412.2014761206,3670.672914051352,9909.078510758884,2025-08-23
Tokelau,Australia-Oceania,81,1,0,0,0,80,0,1,1378,58055.0,0.0,1755948803628,2025-08-23 19:33:23,Oceania,-9.0,-172.0,https://disease.sh/assets/img/flags/tk.png,58780.84179970972,0.0,0.7256894049346879,2025-08-23
British Virgin Islands,North America,7393,1,64,0,0,7328,0,107340,30596,241600.0,2092.0,1755948803628,2025-08-23 19:33:23,NA,18.5,-64.5,https://disease.sh/assets/img/flags/vg.png,241632.89318865212,2091.776702836972,3508.301738789384,2025-08-23
Costa Rica,North America,1238887,4,9428,0,0,1229455,0,4659759,5182354,239058.0,1819.0,1755948803628,2025-08-23 19:33:23,NA,10.0,-84.0,https://disease.sh/assets/img/flags/cr.png,239058.73662818095,1819.2504796083015,899.1587606713089,2025-08-23
Mongolia,Asia,1011498,2,2284,0,1009212,0,0,4030052,3378078,299429.0,676.0,1755948803628,2025-08-23 19:33:23,APAC,46.0,105.0,https://disease.sh/assets/img/flags/mn.png,299430.03092290944,676.1241155473616,1193.00146414618,2025-08-23
Ukraine,Europe,5557997,2,112418,0,5445577,0,0,32603855,43192122,128681.0,2603.0,1755948803628,2025-08-23 19:33:23,EMEA,49.0,32.0,https://disease.sh/assets/img/flags/ua.png,128680.8043374206,2602.743157652685,754.8565222148613,2025-08-23
Kyrgyzstan,Asia,206897,0,2991,0,196406,7500,131,1907203,6728271,30750.0,445.0,1755948803628,2025-08-23 19:33:23,APAC,41.0,75.0,https://disease.sh/assets/img/flags/kg.png,30750.39634996866,444.5421416586817,283.46108532192,2025-08-23
Malawi,Africa,89547,12,2686,0,0,86849,0,624784,20180839,4437.0,133.0,1755948803628,2025-08-23 19:33:23,MEA,-13.5,34.0,https://disease.sh/assets/img/flags/mw.png,4437.228799060336,133.0965476707881,30.959267848081044,2025-08-23
Chile,South America,5384855,2,64497,0,5252450,67906,7,50382116,19250195,279730.0,3350.0,1755948803628,2025-08-23 19:33:23,SA,-30.0,-71.0,https://disease.sh/assets/img/flags/cl.png,279729.8936452332,3350.4595667732196,2617.2262670585933,2025-08-23
Trinidad And Tobago,North America,191497,1,4390,0,187078,28,0,913290,1406585,136143.0,3121.0,1755948803628,2025-08-23 19:33:23,NA,11.0,-61.0,https://disease.sh/assets/img/flags/tt.png,136143.21210591609,3121.0342780564274,649.2959899330648,2025-08-23
Uzbekistan,Asia,253668,6,1637,0,241486,10539,23,1377916,34382084,7378.0,48.0,1755948803628,2025-08-23 19:33:23,APAC,41.0,64.0,https://disease.sh/assets/img/flags/uz.png,7377.9122871086,47.612006299559965,40.076570111340544,2025-08-23
Eritrea,Africa,10190,1,103,0,10086,0,0,23693,3662244,2782.0,28.0,1755948803628,2025-08-23 19:33:23,MEA,15.0,39.0,https://disease.sh/assets/img/flags/er.png,2782.4470461280025,28.124832752814942,6.469530703033441,2025-08-23
Martinique,North America,230354,0,1102,0,0,229252,0,828928,374087,615777.0,2946.0,1755948803628,2025-08-23 19:33:23,NA,14.6667,-61.0,https://disease.sh/assets/img/flags/mq.png,615776.5439590256,2945.838802203765,2215.8695704475163,2025-08-23
Pakistan,Asia,1581982,46,30666,2,1538689,12583,0,30589273,229488994,6893.0,134.0,1755948803628,2025-08-23 19:33:23,APAC,30.0,70.0,https://disease.sh/assets/img/flags/pk.png,6893.498343541477,133.62732332165785,133.2929848478921,2025-08-23
Greenland,North America,11972,1,21,0,2761,9189,4,164926,56973,210117.0,369.0,1755948803628,2025-08-23 19:33:23,NA,72.0,-40.0,https://disease.sh/assets/img/flags/gl.png,210134.62517332772,368.59565057132323,2894.8098221964788,2025-08-23
Liechtenstein,Europe,21575,1,94,0,0,21480,0,112457,38387,562013.0,2449.0,1755948803628,2025-08-23 19:33:23,EMEA,47.1667,9.5333,https://disease.sh/assets/img/flags/li.png,562039.2320316774,2448.7456691067287,2929.559486284419,2025-08-23
Syrian Arab Republic,Asia,57749,6,3165,0,54578,0,0,146271,19364809,2982.0,163.0,1755948803628,2025-08-23 19:33:23,APAC,35.0,38.0,https://disease.sh/assets/img/flags/sy.png,2982.1621271864856,163.44080646496437,7.553443981812576,2025-08-23
Cyprus,Asia,681111,1,1365,0,679745,0,0,9640119,1223387,556741.0,1116.0,1755948803628,2025-08-23 19:33:23,APAC,35.0,33.0,https://disease.sh/assets/img/flags/cy.png,556742.0611793324,1115.7548674295215,7879.8605837727555,2025-08-23
Australia,Australia-Oceania,11853150,6,24414,0,11820014,8716,3,81916668,26068792,454687.0,937.0,1755948803628,2025-08-23 19:33:23,Oceania,-27.0,133.0,https://disease.sh/assets/img/flags/au.png,454687.35183433123,936.5221065862967,3142.326963213332,2025-08-23
Solomon Islands,Australia-Oceania,25954,0,199,0,0,25755,0,1,721159,35989.0,276.0,1755948803628,2025-08-23 19:33:23,Oceania,-8.0,159.0,https://disease.sh/assets/img/flags/sb.png,35989.2894632113,275.94469458191605,0.0013866567566930457,2025-08-23
Switzerland,Europe,4453057,4,14452,0,4438309,292,0,23833474,8773637,507549.0,1647.0,1755948803628,2025-08-23 19:33:23,EMEA,47.0,8.0,https://disease.sh/assets/img/flags/ch.png,507549.7196886536,1647.2074237855977,2716.487358663232,2025-08-23
France,Europe,40138605,45,167642,0,39970918,0,0,271490195,65584518,612013.0,2556.0,1755948803628,2025-08-23 19:33:23,EMEA,46.0,2.0,https://disease.sh/assets/img/flags/fr.png,612013.4175568691,2556.1215529555316,4139.547004065807,2025-08-23
Qatar,Asia,514525,1,690,0,513687,147,16,4065372,2979915,172664.0,232.0,1755948803628,2025-08-23 19:33:23,APAC,25.5,51.25,https://disease.sh/assets/img/flags/qa.png,172664.3209621751,231.55022878169345,1364.2577053372327,2025-08-23
Malta,Europe,121420,0,885,0,120149,386,0,2170600,444033,273448.0,1993.0,1755948803628,2025-08-23 19:33:23,EMEA,35.8333,14.5833,https://disease.sh/assets/img/flags/mt.png,273448.1446198819,1993.0951077960424,4888.375413539084,2025-08-23
Sweden,Europe,2754134,5,27407,0,2726492,230,0,19500881,10218971,269511.0,2682.0,1755948803628,2025-08-23 19:33:23,EMEA,62.0,15.0,https://disease.sh/assets/img/flags/se.png,269511.87159646506,2681.972578256656,1908.3018241269106,2025-08-23
Albania,Europe,334863,0,3605,0,330233,1025,0,1941034,2866374,116825.0,1258.0,1755948803628,2025-08-23 19:33:23,EMEA,41.0,20.0,https://disease.sh/assets/img/flags/al.png,116824.60139535175,1257.6865405561173,677.1740184637455,2025-08-23
Congo,Africa,25379,4,386,0,24006,983,0,347816,5797805,4377.0,67.0,1755948803628,2025-08-23 19:33:23,MEA,-1.0,15.0,https://disease.sh/assets/img/flags/cg.png,4377.346254315211,66.5769200585394,59.99097934476927,2025-08-23
China,Asia,503337,35,5286,14,379053,118977,0,160000179,1448471400,347.0,4.0,1755948803628,2025-08-23 19:33:23,APAC,35.0,105.0,https://disease.sh/assets/img/flags/cn.png,347.49529745633913,3.6493644265257843,110.46140020438096,2025-08-23
Bermuda,North America,18860,0,165,0,18685,10,0,1029559,61939,304493.0,2664.0,1755948803628,2025-08-23 19:33:23,NA,32.3333,-64.75,https://disease.sh/assets/img/flags/bm.png,304493.1303379131,2663.911267537416,16622.144367845784,2025-08-23
Bulgaria,Europe,1339855,4,38748,0,1292944,8159,22,11671047,6844597,195753.0,5661.0,1755948803628,2025-08-23 19:33:23,EMEA,43.0,25.0,https://disease.sh/assets/img/flags/bg.png,195753.6725683046,5661.107586027344,1705.1474323470031,2025-08-23
N. Korea,Asia,4772828,15,74,0,4772739,0,0,16,25990679,183636.0,3.0,1755948803628,2025-08-23 19:33:23,APAC,40.0,127.0,https://disease.sh/assets/img/flags/kp.png,183636.14124894544,2.847174558232973,0.0006156053098882102,2025-08-23
Denmark,Europe,3183759,3,8814,0,3174942,0,0,129333111,5834950,545636.0,1511.0,1755948803628,2025-08-23 19:33:23,EMEA,56.0,10.0,https://disease.sh/assets/img/flags/dk.png,545636.0380123223,1510.5527896554383,22165.247517116688,2025-08-23
Papua New Guinea,Australia-Oceania,46871,7,670,0,46168,26,0,249157,9292169,5043.0,72.0,1755948803628,2025-08-23 19:33:23,Oceania,-6.0,147.0,https://disease.sh/assets/img/flags/pg.png,5044.139855829139,72.10372519053409,26.813653518355082,2025-08-23
Swaziland,Africa,75191,0,1427,0,73116,648,0,1048704,1184817,63462.0,1204.0,1755948803628,2025-08-23 19:33:23,MEA,-26.5,31.5,https://disease.sh/assets/img/flags/sz.png,63462.12115457493,1204.4054060669284,885.1189677393218,2025-08-23
Austria,Europe,6081290,3,22542,0,6054934,3811,0,211273534,9066710,670727.0,2486.0,1755948803628,2025-08-23 19:33:23,EMEA,47.3333,13.3333,https://disease.sh/assets/img/flags/at.png,670727.3090238906,2486.2381172442924,23302.11664429545,2025-08-23
Seychelles,Africa,51221,1,172,0,51048,0,0,0,99426,515157.0,1730.0,1755948803628,2025-08-23 19:33:23,MEA,-4.5833,55.6667,https://disease.sh/assets/img/flags/sc.png,515167.05891819036,1729.9297970349808,0.0,2025-08-23
Isle Of Man,Europe,38009,1,116,0,0,37892,0,150754,85732,443335.0,1353.0,1755948803628,2025-08-23 19:33:23,EMEA,54.23,-4.55,https://disease.sh/assets/img/flags/im.png,443346.7083469416,1353.0537022348715,1758.4332571268603,2025-08-23
Finland,Europe,1516119,2,11958,0,1503989,170,0,12108978,5554960,272930.0,2153.0,1755948803628,2025-08-23 19:33:23,EMEA,64.0,26.0,https://disease.sh/assets/img/flags/fi.png,272930.6781686997,2152.670766306148,2179.849719889972,2025-08-23
Belarus,Europe,994037,0,7118,0,985592,1327,0,13646643,9432800,105381.0,755.0,1755948803628,2025-08-23 19:33:23,EMEA,53.0,28.0,https://disease.sh/assets/img/flags/by.png,105380.90492748708,754.6009668391146,1446.7223941989653,2025-08-23
Djibouti,Africa,15691,1,189,0,15427,74,0,305941,1016097,15441.0,186.0,1755948803628,2025-08-23 19:33:23,MEA,11.5,43.0,https://disease.sh/assets/img/flags/dj.png,15442.42331194758,186.00586361341485,301.09428528969187,2025-08-23
Paraguay,South America,837604,2,20155,0,0,817447,0,2657508,7305843,114648.0,2759.0,1755948803628,2025-08-23 19:33:23,SA,-23.0,-58.0,https://disease.sh/assets/img/flags/py.png,114648.50805033724,2758.7507697605874,363.7510414609238,2025-08-23
Zambia,Africa,349315,11,4069,0,341316,3919,0,4112972,19470234,17940.0,209.0,1755948803628,2025-08-23 19:33:23,MEA,-15.0,30.0,https://disease.sh/assets/img/flags/zm.png,17940.975953344987,208.9856752620436,211.24409701496143,2025-08-23
Tuvalu,Australia-Oceania,2944,1,1,0,0,2942,0,1,12066,243909.0,83.0,1755948803628,2025-08-23 19:33:23,Oceania,-8.0,178.0,https://disease.sh/assets/img/flags/tv.png,243991.38073926736,82.8775070445881,0.0828775070445881,2025-08-23
Thailand,Asia,4770197,48,34587,1,4692636,42927,0,17273455,70078203,68069.0,494.0,1755948803628,2025-08-23 19:33:23,APAC,15.0,100.0,https://disease.sh/assets/img/flags/th.png,68069.62501592685,493.54861453853204,246.4882696835134,2025-08-23
Romania,Europe,3529736,1,68929,0,3460149,657,21,28758668,19031335,185470.0,3622.0,1755948803628,2025-08-23 19:33:23,EMEA,46.0,25.0,https://disease.sh/assets/img/flags/ro.png,185469.70036521347,3621.8688809797104,1511.1219470415501,2025-08-23
Usa,North America,111820250,168,1219488,1,109814428,786167,940,1186851693,334805269,333985.0,3642.0,1755948803628,2025-08-23 19:33:23,NA,38.0,-97.0,https://disease.sh/assets/img/flags/us.png,333985.9325810073,3642.3799531064133,3544.901478238086,2025-08-23
Botswana,Africa,330638,0,2801,0,327049,788,1,2026900,2441162,135443.0,1147.0,1755948803628,2025-08-23 19:33:23,MEA,-22.0,24.0,https://disease.sh/assets/img/flags/bw.png,135442.87515535633,1147.404391842901,830.3013073282314,2025-08-23
Kiribati,Australia-Oceania,5086,1,24,0,2703,2358,3,1,123419,41201.0,194.0,1755948803628,2025-08-23 19:33:23,Oceania,1.4167,173.0,https://disease.sh/assets/img/flags/ki.png,41209.21414044839,194.45952406031486,0.008102480169179785,2025-08-23
Saint Helena,Africa,2166,0,0,0,2,2164,0,1,6115,354211.0,0.0,1755948803628,2025-08-23 19:33:23,MEA,-15.9333,-5.7,https://disease.sh/assets/img/flags/sh.png,354210.95666394115,0.0,0.1635322976287817,2025-08-23
Mexico,North America,7702850,41,334958,0,6899865,467986,0,20013932,131562772,58549.0,2546.0,1755948803628,2025-08-23 19:33:23,NA,23.0,-102.0,https://disease.sh/assets/img/flags/mx.png,58548.857574998496,2545.9937861449134,152.12458430109697,2025-08-23
Guinea,Africa,38578,6,468,0,37757,347,0,660108,13865691,2782.0,34.0,1755948803628,2025-08-23 19:33:23,MEA,11.0,-10.0,https://disease.sh/assets/img/flags/gn.png,2782.263069327017,33.75237483656603,47.60729198422206,2025-08-23
Brazil,South America,38744019,101,711384,4,36249161,1783377,0,63776334,215353593,179908.0,3303.0,1755948803628,2025-08-23 19:33:23,SA,-10.0,-55.0,https://disease.sh/assets/img/flags/br.png,179908.8580797442,3303.330072602968,296.1470626589453,2025-08-23
Iraq,Asia,2465572,27,25375,0,2439497,673,0,19544453,42164965,58474.0,602.0,1755948803628,2025-08-23 19:33:23,APAC,33.0,44.0,https://disease.sh/assets/img/flags/iq.png,58474.423019205635,601.8029423242732,463.52352005984113,2025-08-23
Vanuatu,Australia-Oceania,12020,1,14,0,11976,29,0,24976,321832,37346.0,44.0,1755948803628,2025-08-23 19:33:23,Oceania,-16.0,167.0,https://disease.sh/assets/img/flags/vu.png,37348.67881379105,43.50095702105447,77.60570732556116,2025-08-23
Indonesia,Asia,6829330,109,162068,5,6647104,20054,0,114158969,279134505,24466.0,581.0,1755948803628,2025-08-23 19:33:23,APAC,-5.0,120.0,https://disease.sh/assets/img/flags/id.png,24466.09028145768,580.6089791729618,408.97476648399305,2025-08-23
Japan,Asia,33803607,35,74694,0,0,33728878,0,100414884,125584838,269169.0,595.0,1755948803628,2025-08-23 19:33:23,APAC,36.0,138.0,https://disease.sh/assets/img/flags/jp.png,269169.49162286613,594.7692507275441,799.5780828255716,2025-08-23
Lesotho,Africa,36138,0,723,0,25980,9435,0,431223,2175699,16610.0,332.0,1755948803628,2025-08-23 19:33:23,MEA,-29.5,28.5,https://disease.sh/assets/img/flags/ls.png,16609.83435668261,332.3069965100871,198.19975097658272,2025-08-23
Côte D'ivoire,Africa,88386,2,835,0,87497,52,0,1690948,27742298,3186.0,30.0,1755948803628,2025-08-23 19:33:23,MEA,8.0,-5.0,https://disease.sh/assets/img/flags/ci.png,3185.9653443272796,30.098443899636578,60.951980257727755,2025-08-23
Tajikistan,Asia,17790,4,125,0,17264,397,0,11,9957464,1786.0,13.0,1755948803628,2025-08-23 19:33:23,APAC,39.0,71.0,https://disease.sh/assets/img/flags/tj.png,1786.5994795461977,12.553397130032307,0.0011046989474428428,2025-08-23
Sri Lanka,Asia,672760,6,16897,0,655852,5,0,6486131,21575842,31181.0,783.0,1755948803628,2025-08-23 19:33:23,APAC,7.0,81.0,https://disease.sh/assets/img/flags/lk.png,31181.170125365214,783.1444075276413,300.6200638658737,2025-08-23
Malaysia,Asia,5278409,3,37348,0,5233268,7790,11,68580940,33181072,159079.0,1126.0,1755948803628,2025-08-23 19:33:23,APAC,2.5,112.5,https://disease.sh/assets/img/flags/my.png,159078.9170404139,1125.5814760897417,2066.8693283930065,2025-08-23
Uk,Europe,24910395,8,232112,0,24678275,0,0,522526539,68497907,363666.0,3389.0,1755948803628,2025-08-23 19:33:23,EMEA,54.0,-2.0,https://disease.sh/assets/img/flags/gb.png,363666.51319725724,3388.5998881688456,7628.357739456185,2025-08-23
Uganda,Africa,172161,12,3632,0,100431,68086,0,3012444,48432863,3554.0,75.0,1755948803628,2025-08-23 19:33:23,MEA,1.0,32.0,https://disease.sh/assets/img/flags/ug.png,3554.63190354863,74.99040475885145,62.198346606105034,2025-08-23
Caribbean Netherlands,North America,11682,0,38,0,10476,1168,0,30127,26647,438398.0,1426.0,1755948803628,2025-08-23 19:33:23,NA,12.2,-68.26,https://disease.sh/assets/img/flags/bq.png,438398.31876008556,1426.0517131384395,1130.596314782152,2025-08-23
Somalia,Africa,27335,1,1361,0,13182,12791,0,400485,16841795,1623.0,81.0,1755948803628,2025-08-23 19:33:23,MEA,10.0,49.0,https://disease.sh/assets/img/flags/so.png,1623.0455245417725,80.81086368762949,23.779234933093534,2025-08-23
Guinea-bissau,Africa,9614,0,177,0,8929,508,6,145232,2063367,4659.0,86.0,1755948803628,2025-08-23 19:33:23,MEA,12.0,-15.0,https://disease.sh/assets/img/flags/gw.png,4659.374701640571,85.78212213338684,70.38592746709625,2025-08-23
Anguilla,North America,3904,0,12,0,0,3892,0,51382,15230,256336.0,788.0,1755948803628,2025-08-23 19:33:23,NA,18.25,-63.1667,https://disease.sh/assets/img/flags/ai.png,256336.1785948785,787.9185817465528,3373.736047275115,2025-08-23
Curaçao,North America,45987,1,295,0,44720,971,3,496694,165529,277812.0,1782.0,1755948803628,2025-08-23 19:33:23,NA,12.15,-68.97,https://disease.sh/assets/img/flags/cw.png,277818.3883186632,1782.1650586906223,3000.6464124111185,2025-08-23
Guatemala,North America,1291298,5,20289,0,1269891,1113,5,7593870,18584039,69484.0,1092.0,1755948803628,2025-08-23 19:33:23,NA,15.5,-90.25,https://disease.sh/assets/img/flags/gt.png,69484.24936043237,1091.743296492221,408.62322770631295,2025-08-23
Myanmar,Asia,641892,19,19495,0,620159,2219,0,11711529,55227143,11622.0,353.0,1755948803628,2025-08-23 19:33:23,APAC,22.0,98.0,https://disease.sh/assets/img/flags/mm.png,11622.763104004855,352.996713952775,212.06110553283554,2025-08-23
Brunei,Asia,343719,0,225,0,243601,99893,3,717784,445431,771655.0,505.0,1755948803628,2025-08-23 19:33:23,APAC,4.5,114.6667,https://disease.sh/assets/img/flags/bn.png,771654.8691043057,505.12874047832327,1611.4370126910792,2025-08-23
Antigua And Barbuda,North America,9106,0,146,0,8954,6,0,18901,99509,91509.0,1467.0,1755948803628,2025-08-23 19:33:23,NA,17.05,-61.8,https://disease.sh/assets/img/flags/ag.png,91509.31071561367,1467.2039715000653,189.94261825563515,2025-08-23
Jordan,Asia,1746999,2,14122,0,1731007,1868,59,17201891,10300869,169597.0,1371.0,1755948803628,2025-08-23 19:33:23,APAC,31.0,36.0,https://disease.sh/assets/img/flags/jo.png,169597.2446596496,1370.9522953840108,1669.9456133264098,2025-08-23
Bolivia,South America,1212139,8,22407,0,1177145,12579,220,2710265,11992656,101073.0,1868.0,1755948803628,2025-08-23 19:33:23,SA,-17.0,-65.0,https://disease.sh/assets/img/flags/bo.png,101073.44027878395,1868.393456795559,225.99372482626035,2025-08-23
Venezuela,South America,552717,22,5856,0,546537,302,31,3359023,29266991,18885.0,200.0,1755948803628,2025-08-23 19:33:23,SA,8.0,-66.0,https://disease.sh/assets/img/flags/ve.png,18885.33740964351,200.0888987870328,114.77172354342815,2025-08-23
Monaco,Europe,17182,1,67,0,0,17114,0,78647,39783,431868.0,1684.0,1755948803628,2025-08-23 19:33:23,EMEA,43.7333,7.4,https://disease.sh/assets/img/flags/mc.png,431893.0196315009,1684.13644018802,1976.8996807681674,2025-08-23
Cayman Islands,North America,31472,0,37,0,8553,22882,1,222774,67277,467797.0,550.0,1755948803628,2025-08-23 19:33:23,NA,19.5,-80.5,https://disease.sh/assets/img/flags/ky.png,467797.3155759026,549.9650697861082,3311.295093419742,2025-08-23
Saudi Arabia,Asia,841488,19,9646,0,0,831823,0,45481745,35844909,23475.0,269.0,1755948803628,2025-08-23 19:33:23,APAC,25.0,45.0,https://disease.sh/assets/img/flags/sa.png,23475.802379635,269.1037658932263,1268.8481089462384,2025-08-23
Tonga,Australia-Oceania,16950,0,13,0,15638,1299,0,535010,107749,157310.0,121.0,1755948803628,2025-08-23 19:33:23,Oceania,-20.0,-175.0,https://disease.sh/assets/img/flags/to.png,157310.04464078552,120.65077170089745,4965.336105207472,2025-08-23
Spain,Europe,13914814,3,121760,0,13762417,30634,231,471036346,46719142,297840.0,2606.0,1755948803628,2025-08-23 19:33:23,EMEA,40.0,-4.0,https://disease.sh/assets/img/flags/es.png,297839.6735111274,2606.2122459355096,10082.298728859361,2025-08-23
Central African Republic,Africa,15440,0,113,0,15200,127,2,81296,5016678,3078.0,23.0,1755948803628,2025-08-23 19:33:23,MEA,7.0,21.0,https://disease.sh/assets/img/flags/cf.png,3077.7339107672447,22.524866056781,16.205146114620074,2025-08-23
Belgium,Europe,4861697,2,34376,0,4826798,521,0,37454189,11668278,416659.0,2946.0,1755948803628,2025-08-23 19:33:23,EMEA,50.8333,4.0,https://disease.sh/assets/img/flags/be.png,416659.3391072787,2946.1073861970035,3209.9157219257204,2025-08-23
Oman,Asia,399453,4,4628,0,0,394821,0,25000002,5323993,75028.0,869.0,1755948803628,2025-08-23 19:33:23,APAC,21.0,57.0,https://disease.sh/assets/img/flags/om.png,75028.83643911629,869.272367563218,4695.724055234483,2025-08-23
Barbados,North America,110579,1,648,0,108647,1283,0,814160,288023,383921.0,2250.0,1755948803628,2025-08-23 19:33:23,NA,13.1667,-59.5333,https://disease.sh/assets/img/flags/bb.png,383924.2004978769,2249.8203268488974,2826.7186995483,2025-08-23
Senegal,Africa,89067,14,1971,0,87024,58,0,1146553,17653671,5044.0,112.0,1755948803628,2025-08-23 19:33:23,MEA,14.0,-14.0,https://disease.sh/assets/img/flags/sn.png,5045.239599174585,111.64816654847596,64.94700167460921,2025-08-23
New Zealand,Australia-Oceania,2621113,2,5697,0,2613791,1623,0,7768605,4898203,535117.0,1163.0,1755948803628,2025-08-23 19:33:23,Oceania,-41.0,174.0,https://disease.sh/assets/img/flags/nz.png,535117.2664750726,1163.0796028666023,1586.0112371822893,2025-08-23
Mali,Africa,33168,4,743,0,32332,89,0,804934,21473764,1544.0,35.0,1755948803628,2025-08-23 19:33:23,MEA,17.0,-4.0,https://disease.sh/assets/img/flags/ml.png,1544.582496110137,34.60036163198962,37.48453228786532,2025-08-23
Hungary,Europe,2230234,2,49048,0,2152155,29029,0,11394566,9606259,232164.0,5106.0,1755948803628,2025-08-23 19:33:23,EMEA,47.0,20.0,https://disease.sh/assets/img/flags/hu.png,232164.67513524255,5105.837766814324,1186.1606063296856,2025-08-23
Marshall Islands,Australia-Oceania,16138,0,17,0,16121,0,0,0,60057,268711.0,283.0,1755948803628,2025-08-23 19:33:23,Oceania,9.0,168.0,https://disease.sh/assets/img/flags/mh.png,268711.39084536355,283.06442213230764,0.0,2025-08-23
Timor-leste,Asia,23460,0,138,0,23102,220,0,278529,1369429,17131.0,101.0,1755948803628,2025-08-23 19:33:23,APAC,-8.55,125.5167,https://disease.sh/assets/img/flags/tl.png,17131.22768686803,100.77192756981195,203.39061024704458,2025-08-23
Uruguay,South America,1041112,1,7664,0,1030944,2503,18,6114824,3496016,297799.0,2192.0,1755948803628,2025-08-23 19:33:23,SA,-33.0,-56.0,https://disease.sh/assets/img/flags/uy.png,297799.5524047945,2192.209646637773,1749.0835282218388,2025-08-23
Luxembourg,Europe,391232,0,1232,0,0,390000,0,4587146,642371,609044.0,1918.0,1755948803628,2025-08-23 19:33:23,EMEA,49.75,6.1667,https://disease.sh/assets/img/flags/lu.png,609043.6834788619,1917.894799111417,7140.960597536315,2025-08-23
Nicaragua,North America,18494,3,225,0,4225,14041,0,8,6779100,2728.0,33.0,1755948803628,2025-08-23 19:33:23,NA,13.0,-85.0,https://disease.sh/assets/img/flags/ni.png,2728.090749509522,33.19024649289729,0.0011800976530807925,2025-08-23
Slovenia,Europe,1356546,0,7100,0,1349424,22,0,2847702,2078034,652803.0,3417.0,1755948803628,2025-08-23 19:33:23,EMEA,46.0,15.0,https://disease.sh/assets/img/flags/si.png,652802.6009199079,3416.69096848271,1370.3827752577677,2025-08-23
Western Sahara,Africa,10,0,1,0,9,0,0,0,626161,16.0,2.0,1755948803628,2025-08-23 19:33:23,MEA,24.5,-13.0,https://disease.sh/assets/img/flags/eh.png,15.970333508474656,1.5970333508474657,0.0,2025-08-23
Niger,Africa,9950,19,312,0,8890,729,1,254557,26083660,381.0,12.0,1755948803628,2025-08-23 19:33:23,MEA,16.0,8.0,https://disease.sh/assets/img/flags/ne.png,381.46487111087936,11.961511536341142,9.759251577424335,2025-08-23
Italy,Europe,26723284,35,196487,0,26361218,165544,22,281126458,60262770,443445.0,3261.0,1755948803628,2025-08-23 19:33:23,EMEA,42.8333,12.8333,https://disease.sh/assets/img/flags/it.png,443445.9949318626,3260.5039562569063,4665.010552950022,2025-08-23
Guyana,South America,74137,0,1300,0,72013,824,0,733218,794045,93366.0,1637.0,1755948803628,2025-08-23 19:33:23,SA,5.0,-59.0,https://disease.sh/assets/img/flags/gy.png,93366.2449861154,1637.1868093118146,923.3960291923003,2025-08-23
Wallis And Futuna,Australia-Oceania,3550,0,8,0,438,3104,0,20508,10982,323256.0,728.0,1755948803628,2025-08-23 19:33:23,Oceania,-13.3,-176.2,https://disease.sh/assets/img/flags/wf.png,323256.23747951194,728.4647605172099,1867.4194135858677,2025-08-23
Portugal,Europe,5643064,2,28126,0,5614809,127,61,46139523,10140570,556484.0,2774.0,1755948803628,2025-08-23 19:33:23,EMEA,39.5,-8.0,https://disease.sh/assets/img/flags/pt.png,556483.9057370542,2773.611345318853,4549.993047728086,2025-08-23
S. Korea,Asia,34571910,37,35934,0,34535939,0,0,15804092,51329899,673523.0,700.0,1755948803628,2025-08-23 19:33:23,APAC,37.0,127.5,https://disease.sh/assets/img/flags/kr.png,673523.8267271868,700.0598228334718,307.89252088729023,2025-08-23
French Guiana,South America,98041,0,420,0,11254,86367,6,651258,314169,312065.0,1337.0,1755948803628,2025-08-23 19:33:23,SA,4.0,-53.0,https://disease.sh/assets/img/flags/gf.png,312064.5257807104,1336.860097590787,2072.9543653256687,2025-08-23
Angola,Africa,107341,14,1937,0,103419,1971,0,1499829,35027343,3064.0,55.0,1755948809478,2025-08-23 19:33:29,MEA,-12.5,18.5,https://disease.sh/assets/img/flags/ao.png,3064.4916458550683,55.299655472012255,42.81880586831836,2025-08-23
Kenya,Africa,344131,1,5689,0,337309,1132,0,3967106,56215221,6122.0,101.0,1755948809479,2025-08-23 19:33:29,MEA,1.0,38.0,https://disease.sh/assets/img/flags/ke.png,6121.669431843024,101.20034927906804,70.56996182581939,2025-08-23
Paraguay,South America,837605,3,20155,0,0,817447,0,2657510,7305843,114648.0,2759.0,1755948809479,2025-08-23 19:33:29,SA,-23.0,-58.0,https://disease.sh/assets/img/flags/py.png,114648.64492708097,2758.7507697605874,363.7513152144113,2025-08-23
Norway,Europe,1509735,3,6638,0,1503094,0,0,11002432,5511370,273930.0,1204.0,1755948809479,2025-08-23 19:33:29,EMEA,62.0,10.0,https://disease.sh/assets/img/flags/no.png,273930.9826776282,1204.419227887077,1996.3152537390886,2025-08-23
Belgium,Europe,4861702,7,34376,0,4826798,521,0,37454187,11668278,416659.0,2946.0,1755948809479,2025-08-23 19:33:29,EMEA,50.8333,4.0,https://disease.sh/assets/img/flags/be.png,416659.7676195236,2946.1073861970035,3209.9155505208223,2025-08-23
Bahamas,North America,38084,0,844,0,36366,874,1,257840,400516,95087.0,2107.0,1755948809479,2025-08-23 19:33:29,NA,24.25,-76.0,https://disease.sh/assets/img/flags/bs.png,95087.33733483806,2107.281606727322,643.769537296887,2025-08-23
Nigeria,Africa,267344,156,3159,4,259953,4080,11,5709042,216746934,1233.0,15.0,1755948809479,2025-08-23 19:33:29,MEA,10.0,8.0,https://disease.sh/assets/img/flags/ng.png,1233.438439318362,14.574600626184637,26.339666700890913,2025-08-23
Vietnam,Asia,11625256,61,43206,0,10640971,941018,0,85826652,98953541,117481.0,437.0,1755948809479,2025-08-23 19:33:29,APAC,21.0,105.8,https://disease.sh/assets/img/flags/vn.png,117481.96054954718,436.6291449843113,867.3429079207989,2025-08-23
Madagascar,Africa,68494,8,1426,0,66862,198,0,531355,29178077,2347.0,49.0,1755948809479,2025-08-23 19:33:29,MEA,-20.0,47.0,https://disease.sh/assets/img/flags/mg.png,2347.4473660481467,48.87230916554234,18.21076145628103,2025-08-23
Costa Rica,North America,1238887,4,9428,0,0,1229455,0,4659757,5182354,239058.0,1819.0,1755948809479,2025-08-23 19:33:29,NA,10.0,-84.0,https://disease.sh/assets/img/flags/cr.png,239058.73662818095,1819.2504796083015,899.1583747463026,2025-08-23
France,Europe,40138575,15,167643,1,39970918,0,0,271490245,65584518,612013.0,2556.0,1755948809479,2025-08-23 19:33:29,EMEA,46.0,2.0,https://disease.sh/assets/img/flags/fr.png,612012.9601318409,2556.136800456474,4139.5477664408545,2025-08-23
Turkey,Asia,17232082,16,102174,0,0,17129892,0,162743395,85561976,201399.0,1194.0,1755948809479,2025-08-23 19:33:29,APAC,39.0,35.0,https://disease.sh/assets/img/flags/tr.png,201398.83164923632,1194.1519443169477,1902.0527880281775,2025-08-23
Faroe Islands,Europe,34659,1,28,0,0,34630,0,778001,49233,703959.0,569.0,1755948809479,2025-08-23 19:33:29,EMEA,62.0,-7.0,https://disease.sh/assets/img/flags/fo.png,703979.0384498202,568.7242296833425,15802.429264923934,2025-08-23
Bulgaria,Europe,1339852,1,38748,0,1292944,8159,22,11671046,6844597,195753.0,5661.0,1755948809479,2025-08-23 19:33:29,EMEA,43.0,25.0,https://disease.sh/assets/img/flags/bg.png,195753.23426638558,5661.107586027344,1705.1472862463634,2025-08-23
Mauritius,Africa,43025,0,1051,0,41278,696,0,358676,1274727,33752.0,824.0,1755948809479,2025-08-23 19:33:29,MEA,-20.2833,57.55,https://disease.sh/assets/img/flags/mu.png,33752.325007629086,824.4902634054193,281.3747571048546,2025-08-23
Central African Republic,Africa,15444,4,113,0,15200,127,2,81298,5016678,3078.0,23.0,1755948809479,2025-08-23 19:33:29,MEA,7.0,21.0,https://disease.sh/assets/img/flags/cf.png,3078.5312511586353,22.524866056781,16.20554478481577,2025-08-23
Gabon,Africa,49052,1,307,0,48674,70,0,1621909,2331533,21038.0,132.0,1755948809479,2025-08-23 19:33:29,MEA,-1.0,11.75,https://disease.sh/assets/img/flags/ga.png,21038.51843400887,131.67302371444026,695.6405935493943,2025-08-23
Taiwan,Asia,10241540,17,19005,0,10222518,0,0,30742317,23888595,428720.0,796.0,1755948809479,2025-08-23 19:33:29,APAC,23.5,121.0,https://disease.sh/assets/img/flags/tw.png,428720.9021710988,795.5679268705422,1286.9035202781913,2025-08-23
Cuba,North America,1115256,5,8530,0,1106660,61,0,14402682,11305652,98645.0,754.0,1755948809479,2025-08-23 19:33:29,NA,21.5,-80.0,https://disease.sh/assets/img/flags/cu.png,98645.88083907058,754.4898781600566,1273.936434625796,2025-08-23
Sudan,Africa,64008,15,5046,0,58947,0,0,562959,45992020,1391.0,110.0,1755948809479,2025-08-23 19:33:29,MEA,15.0,30.0,https://disease.sh/assets/img/flags/sd.png,1391.719693981695,109.71468528670843,12.240362567245361,2025-08-23
Jordan,Asia,1747003,6,14122,0,1731007,1868,59,17201895,10300869,169597.0,1371.0,1755948809479,2025-08-23 19:33:29,APAC,31.0,36.0,https://disease.sh/assets/img/flags/jo.png,169597.6329764023,1370.9522953840108,1669.9460016431624,2025-08-23
Drc,Africa,99404,66,1468,0,84489,13381,0,846751,95240792,1043.0,15.0,1755948809479,2025-08-23 19:33:29,MEA,0.0,25.0,https://disease.sh/assets/img/flags/cd.png,1043.7124462383722,15.413563549534532,8.890633752814654,2025-08-23
Armenia,Asia,451833,2,8777,0,435162,7892,0,3242903,2971966,152031.0,2953.0,1755948809479,2025-08-23 19:33:29,APAC,40.0,45.0,https://disease.sh/assets/img/flags/am.png,152031.68542304993,2953.2639337058363,1091.1642326998356,2025-08-23
Slovenia,Europe,1356546,0,7100,0,1349424,22,0,2847702,2078034,652803.0,3417.0,1755948809479,2025-08-23 19:33:29,EMEA,46.0,15.0,https://disease.sh/assets/img/flags/si.png,652802.6009199079,3416.69096848271,1370.3827752577677,2025-08-23
Philippines,Asia,4140440,57,66866,2,4067381,6138,0,36102765,112508994,36800.0,594.0,1755948809479,2025-08-23 19:33:29,APAC,13.0,122.0,https://disease.sh/assets/img/flags/ph.png,36800.968996309755,594.3169307868844,320.88781275566294,2025-08-23
Holy See (vatican City State),Europe,29,0,0,0,29,0,0,0,799,36295.0,0.0,1755948809479,2025-08-23 19:33:29,EMEA,41.9,12.45,https://disease.sh/assets/img/flags/va.png,36295.36921151439,0.0,0.0,2025-08-23
Serbia,Europe,2615060,6,18057,0,2596608,389,0,13463736,8653016,302213.0,2087.0,1755948809479,2025-08-23 19:33:29,EMEA,44.0,21.0,https://disease.sh/assets/img/flags/rs.png,302213.702135764,2086.7868498105167,1555.9587547278313,2025-08-23
Nicaragua,North America,18492,1,225,0,4225,14041,0,1,6779100,2728.0,33.0,1755948809479,2025-08-23 19:33:29,NA,13.0,-85.0,https://disease.sh/assets/img/flags/ni.png,2727.7957250962518,33.19024649289729,0.00014751220663509907,2025-08-23
Mali,Africa,33172,8,743,0,32332,89,0,804931,21473764,1544.0,35.0,1755948809479,2025-08-23 19:33:29,MEA,17.0,-4.0,https://disease.sh/assets/img/flags/ml.png,1544.768769927806,34.60036163198962,37.484392582502075,2025-08-23
Ghana,Africa,171893,4,1462,0,170425,2,0,2541637,32395450,5306.0,45.0,1755948809479,2025-08-23 19:33:29,MEA,8.0,-2.0,https://disease.sh/assets/img/flags/gh.png,5306.084650776575,45.12979446187659,78.45660424534927,2025-08-23
Chad,Africa,7709,8,194,0,4874,2633,0,191359,17413580,442.0,11.0,1755948809479,2025-08-23 19:33:29,MEA,15.0,19.0,https://disease.sh/assets/img/flags/td.png,442.70046710670636,11.140730395472957,10.989067153336649,2025-08-23
South Africa,Africa,4076492,29,102596,1,3912506,61362,192,26795142,60756135,67095.0,1689.0,1755948809479,2025-08-23 19:33:29,MEA,-29.0,24.0,https://disease.sh/assets/img/flags/za.png,67095.97310625504,1688.6525122113183,441.02775793753176,2025-08-23
Guyana,South America,74138,1,1300,0,72013,824,0,733218,794045,93366.0,1637.0,1755948809479,2025-08-23 19:33:29,SA,5.0,-59.0,https://disease.sh/assets/img/flags/gy.png,93367.50436058409,1637.1868093118146,923.3960291923003,2025-08-23
Venezuela,South America,552707,12,5856,0,546537,302,31,3359023,29266991,18885.0,200.0,1755948809479,2025-08-23 19:33:29,SA,8.0,-66.0,https://disease.sh/assets/img/flags/ve.png,18884.99572778083,200.0888987870328,114.77172354342815,2025-08-23
Fiji,Australia-Oceania,69117,0,885,0,67226,1006,0,672884,909466,75997.0,973.0,1755948809479,2025-08-23 19:33:29,Oceania,-18.0,175.0,https://disease.sh/assets/img/flags/fj.png,75997.34349607352,973.0984995590819,739.8671308218229,2025-08-23
Eritrea,Africa,10191,2,103,0,10086,0,0,23694,3662244,2782.0,28.0,1755948809479,2025-08-23 19:33:29,MEA,15.0,39.0,https://disease.sh/assets/img/flags/er.png,2782.7201027566707,28.124832752814942,6.469803759662109,2025-08-23
Marshall Islands,Australia-Oceania,16139,1,17,0,16121,0,0,0,60057,268711.0,283.0,1755948809479,2025-08-23 19:33:29,Oceania,9.0,168.0,https://disease.sh/assets/img/flags/mh.png,268728.0416937243,283.06442213230764,0.0,2025-08-23
Cabo Verde,Africa,64477,0,417,0,63755,305,23,401622,567678,113580.0,735.0,1755948809479,2025-08-23 19:33:29,MEA,16.0,-24.0,https://disease.sh/assets/img/flags/cv.png,113580.23386497275,734.571359115555,707.482058490905,2025-08-23
Saint Lucia,North America,30215,0,410,0,29805,0,0,210983,185113,163225.0,2215.0,1755948809479,2025-08-23 19:33:29,NA,13.8833,-61.1333,https://disease.sh/assets/img/flags/lc.png,163224.62495880894,2214.8633537352857,1139.7524755149557,2025-08-23
Lithuania,Europe,1397807,1,9897,0,1387478,431,0,10540359,2661708,525154.0,3718.0,1755948809479,2025-08-23 19:33:29,EMEA,56.0,24.0,https://disease.sh/assets/img/flags/lt.png,525154.1491403264,3718.289158690585,3959.998241730498,2025-08-23
Tonga,Australia-Oceania,16951,1,13,0,15638,1299,0,535010,107749,157310.0,121.0,1755948809479,2025-08-23 19:33:29,Oceania,-20.0,-175.0,https://disease.sh/assets/img/flags/to.png,157319.32546937792,120.65077170089745,4965.336105207472,2025-08-23
Suriname,South America,82589,1,1408,0,0,81180,0,242207,596831,138378.0,2359.0,1755948809479,2025-08-23 19:33:29,SA,4.0,-56.0,https://disease.sh/assets/img/flags/sr.png,138379.20617394205,2359.1267879852085,405.82174853518,2025-08-23
Sweden,Europe,2754133,4,27407,0,2726492,230,0,19500884,10218971,269511.0,2682.0,1755948809479,2025-08-23 19:33:29,EMEA,62.0,15.0,https://disease.sh/assets/img/flags/se.png,269511.77373925416,2681.972578256656,1908.3021176985433,2025-08-23
Greece,Europe,6101383,4,37869,0,0,6063510,0,102228377,10316637,591412.0,3671.0,1755948809479,2025-08-23 19:33:29,EMEA,39.0,22.0,https://disease.sh/assets/img/flags/gr.png,591412.0076144969,3670.672914051352,9909.079576997816,2025-08-23
Argentina,South America,10128868,23,130841,0,9997258,746,0,35716108,46010234,220143.0,2844.0,1755948809479,2025-08-23 19:33:29,SA,-34.0,-64.0,https://disease.sh/assets/img/flags/ar.png,220143.80539772956,2843.7368955784923,776.2644284747606,2025-08-23
Oman,Asia,399451,2,4628,0,0,394821,0,25000002,5323993,75028.0,869.0,1755948809479,2025-08-23 19:33:29,APAC,21.0,57.0,https://disease.sh/assets/img/flags/om.png,75028.46078122192,869.272367563218,4695.724055234483,2025-08-23
Vanuatu,Australia-Oceania,12020,1,14,0,11976,29,0,24977,321832,37346.0,44.0,1755948809479,2025-08-23 19:33:29,Oceania,-16.0,167.0,https://disease.sh/assets/img/flags/vu.png,37348.67881379105,43.50095702105447,77.60881453677696,2025-08-23
Germany,Europe,38829000,5,183028,1,38240600,405368,0,122332456,83883596,462891.0,2182.0,1755948809479,2025-08-23 19:33:29,EMEA,51.0,9.0,https://disease.sh/assets/img/flags/de.png,462891.4573476321,2181.928395153684,1458.3597012221553,2025-08-23
